,Datetime,AvgPrice
0,01-01-2011,3166
1,02-01-2011,2380
2,03-01-2011,4083
3,04-01-2011,4100
4,05-01-2011,4074
5,06-01-2011,4083
6,07-01-2011,3938
7,10-01-2011,4203.5
8,11-01-2011,4039
9,12-01-2011,4087.5
10,13-01-2011,4063
11,14-01-2011,3580
12,18-01-2011,3974
13,19-01-2011,4075
14,20-01-2011,4022.5
15,21-01-2011,3909
16,24-01-2011,4037
17,25-01-2011,3966
18,26-01-2011,3500
19,27-01-2011,3982
20,28-01-2011,3938
21,31-01-2011,3717
22,01-02-2011,3974.5
23,02-02-2011,3703.5
24,03-02-2011,3894
25,04-02-2011,3947.5
26,07-02-2011,3694
27,08-02-2011,3975.5
28,09-02-2011,3938
29,10-02-2011,3881
30,11-02-2011,3970
31,14-02-2011,3697.5
32,15-02-2011,3640.5
33,16-02-2011,3226
34,17-02-2011,4039
35,18-02-2011,4031
36,21-02-2011,3987
37,22-02-2011,4028
38,23-02-2011,4067.5
39,24-02-2011,4055
40,25-02-2011,4103
41,28-02-2011,3978
42,01-03-2011,4075
43,02-03-2011,4097.5
44,03-03-2011,4082.5
45,04-03-2011,4159
46,07-03-2011,4070
47,08-03-2011,4185.5
48,09-03-2011,4000
49,10-03-2011,4074
50,11-03-2011,4121
51,14-03-2011,4056
52,15-03-2011,4224
53,16-03-2011,4251
54,17-03-2011,4151
55,18-03-2011,4481.5
56,21-03-2011,4289.5
57,22-03-2011,4336
58,23-03-2011,4324
59,24-03-2011,4831
60,25-03-2011,4385
61,28-03-2011,4213
62,29-03-2011,4000
63,30-03-2011,3875
64,31-03-2011,4385.5
65,01-04-2011,4376
66,04-04-2011,3440
67,05-04-2011,3725
68,06-04-2011,4281
69,07-04-2011,4250
70,08-04-2011,4375
71,11-04-2011,4250
72,12-04-2011,4409.5
73,15-04-2011,4617.5
74,18-04-2011,4150
75,19-04-2011,4530
76,20-04-2011,4613
77,21-04-2011,4561
78,25-04-2011,4375
79,26-04-2011,4633
80,27-04-2011,4587
81,28-04-2011,4438
82,29-04-2011,4720
83,02-05-2011,4750
84,03-05-2011,4690
85,04-05-2011,4694
86,05-05-2011,4103.5
87,06-05-2011,4700
88,09-05-2011,4604.5
89,10-05-2011,4667
90,11-05-2011,4631
91,12-05-2011,4724.5
92,13-05-2011,4500
93,16-05-2011,4761
94,17-05-2011,4866
95,18-05-2011,4799.5
96,19-05-2011,4831.5
97,20-05-2011,4972.5
98,23-05-2011,4425
99,24-05-2011,4812
100,25-05-2011,5011.5
101,26-05-2011,4857.5
102,27-05-2011,4950
103,30-05-2011,4995.5
104,31-05-2011,4924.5
105,01-06-2011,4875
106,02-06-2011,5105.5
107,03-06-2011,4979
108,06-06-2011,5038
109,07-06-2011,5049
110,08-06-2011,4959
111,09-06-2011,5194
112,10-06-2011,5100
113,13-06-2011,5205.5
114,14-06-2011,5295
115,15-06-2011,5295
116,16-06-2011,5325
117,17-06-2011,5201
118,20-06-2011,4983
119,21-06-2011,4646.5
120,22-06-2011,5311
121,23-06-2011,5096
122,24-06-2011,5236
123,27-06-2011,5175.5
124,28-06-2011,5112
125,29-06-2011,5310
126,30-06-2011,5381
127,01-07-2011,4905
128,04-07-2011,4599
129,05-07-2011,4728.5
130,06-07-2011,5258.5
131,07-07-2011,5232
132,08-07-2011,5357
133,11-07-2011,5339
134,12-07-2011,5233
135,13-07-2011,4730
136,14-07-2011,5153
137,15-07-2011,4857
138,18-07-2011,4767.5
139,19-07-2011,5075
140,20-07-2011,4949.5
141,21-07-2011,4918.5
142,22-07-2011,4428
143,25-07-2011,5094
144,26-07-2011,4440
145,27-07-2011,4924
146,28-07-2011,4320
147,29-07-2011,4945
148,01-08-2011,5049
149,02-08-2011,4168
150,03-08-2011,4925
151,04-08-2011,4947.5
152,05-08-2011,4886.5
153,08-08-2011,4012
154,09-08-2011,4725
155,10-08-2011,4958
156,11-08-2011,4753
157,12-08-2011,4875
158,15-08-2011,3770
159,16-08-2011,4547.5
160,17-08-2011,4939.5
161,18-08-2011,4980
162,19-08-2011,4935.5
163,22-08-2011,4524
164,23-08-2011,4026
165,24-08-2011,4588
166,25-08-2011,4374
167,26-08-2011,4260
168,29-08-2011,3986
169,30-08-2011,4834
170,02-09-2011,4765
171,05-09-2011,4210
172,06-09-2011,4705.5
173,07-09-2011,4547.5
174,08-09-2011,4392
175,09-09-2011,4953
176,12-09-2011,4823
177,13-09-2011,4088.5
178,14-09-2011,4075
179,15-09-2011,4828
180,16-09-2011,4200
181,19-09-2011,4819
182,20-09-2011,4861
183,21-09-2011,4918
184,22-09-2011,4786.5
185,23-09-2011,4821.5
186,26-09-2011,4850
187,27-09-2011,4871
188,28-09-2011,4695
189,29-09-2011,4717
190,30-09-2011,4733
191,03-10-2011,4645.5
192,04-10-2011,4605
193,07-10-2011,4338
194,10-10-2011,4470.5
195,11-10-2011,4243
196,12-10-2011,4375
197,13-10-2011,4250
198,14-10-2011,4508
199,17-10-2011,4540
200,18-10-2011,4524
201,19-10-2011,3239
202,20-10-2011,4250
203,21-10-2011,4412.5
204,24-10-2011,4206
205,25-10-2011,3700
206,27-10-2011,3858.5
207,28-10-2011,4063
208,31-10-2011,4212
209,01-11-2011,3559
210,02-11-2011,3700
211,03-11-2011,3875
212,04-11-2011,3994
213,06-11-2011,4550
214,08-11-2011,4050.5
215,09-11-2011,3998.5
216,10-11-2011,4371
217,11-11-2011,4433
218,14-11-2011,4246.5
219,15-11-2011,4569
220,16-11-2011,3885.5
221,17-11-2011,4350.5
222,18-11-2011,4375
223,21-11-2011,4235.5
224,22-11-2011,4517
225,23-11-2011,4140
226,24-11-2011,4686
227,25-11-2011,4300
228,28-11-2011,4024.5
229,29-11-2011,3889
230,30-11-2011,3906
231,01-12-2011,3709
232,02-12-2011,4016
233,05-12-2011,3960
234,07-12-2011,4150
235,08-12-2011,4555
236,09-12-2011,4369
237,12-12-2011,4072
238,13-12-2011,4563
239,14-12-2011,4215
240,15-12-2011,4750
241,16-12-2011,4290.5
242,17-12-2011,4784
243,19-12-2011,4125
244,20-12-2011,4200
245,21-12-2011,4691
246,22-12-2011,4539
247,23-12-2011,4574
248,26-12-2011,4627
249,27-12-2011,4645
250,28-12-2011,4563
251,29-12-2011,4697
252,30-12-2011,4914
253,02-01-2012,4432
254,03-01-2012,4361
255,04-01-2012,4372.5
256,05-01-2012,4028
257,06-01-2012,3958.5
258,09-01-2012,4430.5
259,10-01-2012,4745
260,11-01-2012,4726.5
261,12-01-2012,4659.5
262,13-01-2012,4990
263,18-01-2012,3807
264,19-01-2012,4545.5
265,20-01-2012,5026.5
266,23-01-2012,4981
267,24-01-2012,4940
268,25-01-2012,4300
269,27-01-2012,4117.5
270,30-01-2012,4511
271,31-01-2012,5268.5
272,01-02-2012,4916
273,02-02-2012,5221
274,03-02-2012,5452
275,06-02-2012,5850
276,07-02-2012,4925
277,08-02-2012,3954.5
278,09-02-2012,4552.5
279,10-02-2012,4869
280,13-02-2012,4746.5
281,14-02-2012,4449.5
282,15-02-2012,4156
283,16-02-2012,4562
284,17-02-2012,4700
285,20-02-2012,4700
286,21-02-2012,4595
287,22-02-2012,4550.5
288,23-02-2012,4550
289,24-02-2012,4625
290,27-02-2012,4609.5
291,28-02-2012,4451
292,29-02-2012,4550
293,01-03-2012,4731
294,02-03-2012,4625
295,05-03-2012,5080.5
296,06-03-2012,4547
297,07-03-2012,4451.5
298,08-03-2012,4614
299,09-03-2012,4600
300,12-03-2012,4779.5
301,13-03-2012,4642.5
302,14-03-2012,4438
303,15-03-2012,4575
304,16-03-2012,4509
305,19-03-2012,4625
306,20-03-2012,4700
307,21-03-2012,4939
308,22-03-2012,4707
309,26-03-2012,4650
310,27-03-2012,4710
311,28-03-2012,4650
312,29-03-2012,4650
313,30-03-2012,4648
314,31-03-2012,4473
315,02-04-2012,4650
316,03-04-2012,4644
317,04-04-2012,4399
318,05-04-2012,4669
319,09-04-2012,4463
320,10-04-2012,4650
321,11-04-2012,4565
322,12-04-2012,4533.5
323,16-04-2012,4641.5
324,17-04-2012,4805
325,18-04-2012,4760
326,19-04-2012,4703
327,20-04-2012,4574.5
328,23-04-2012,4549
329,24-04-2012,4950
330,25-04-2012,4762
331,26-04-2012,4611
332,27-04-2012,4794.5
333,30-04-2012,4826
334,01-05-2012,4716
335,02-05-2012,4785
336,03-05-2012,4690
337,04-05-2012,5000
338,07-05-2012,4725
339,08-05-2012,4826
340,09-05-2012,4782.5
341,10-05-2012,4666
342,11-05-2012,4677
343,14-05-2012,4970
344,15-05-2012,4755.5
345,16-05-2012,5037.5
346,17-05-2012,5488
347,18-05-2012,5124
348,21-05-2012,4925
349,22-05-2012,5062.5
350,23-05-2012,5200
351,24-05-2012,4850
352,25-05-2012,4899
353,28-05-2012,4760.5
354,29-05-2012,4800
355,30-05-2012,4686.5
356,31-05-2012,5562.5
357,01-06-2012,5187
358,04-06-2012,5603.5
359,05-06-2012,5690.5
360,06-06-2012,5318
361,07-06-2012,5320
362,08-06-2012,5324
363,11-06-2012,5280
364,12-06-2012,5143
365,13-06-2012,5032
366,14-06-2012,4920
367,15-06-2012,4800
368,18-06-2012,4869.5
369,19-06-2012,4972
370,20-06-2012,4840
371,21-06-2012,4847
372,22-06-2012,4925
373,25-06-2012,4950
374,26-06-2012,5050
375,27-06-2012,5020
376,28-06-2012,4771
377,29-06-2012,5100
378,02-07-2012,5197.5
379,03-07-2012,4985
380,04-07-2012,5218.5
381,05-07-2012,5722
382,06-07-2012,5549
383,09-07-2012,5554
384,10-07-2012,5050
385,11-07-2012,5711.5
386,12-07-2012,5870.5
387,13-07-2012,5050
388,16-07-2012,5050
389,17-07-2012,5050
390,18-07-2012,6073
391,19-07-2012,5700
392,20-07-2012,5050
393,23-07-2012,5609
394,24-07-2012,5737
395,25-07-2012,5053
396,26-07-2012,5050
397,27-07-2012,5099
398,30-07-2012,5397
399,31-07-2012,5168
400,01-08-2012,6061
401,02-08-2012,5843
402,03-08-2012,5644
403,06-08-2012,5600
404,07-08-2012,5360
405,08-08-2012,5848
406,10-08-2012,5233
407,13-08-2012,5605.5
408,14-08-2012,5596
409,16-08-2012,5679.5
410,17-08-2012,5300
411,21-08-2012,6024.5
412,22-08-2012,6312
413,23-08-2012,5670
414,24-08-2012,6363
415,25-08-2012,5200
416,27-08-2012,6211
417,28-08-2012,5629.5
418,29-08-2012,6521
419,30-08-2012,5374
420,31-08-2012,6429
421,03-09-2012,6423
422,04-09-2012,6062
423,05-09-2012,5500
424,06-09-2012,6300
425,07-09-2012,6336
426,08-09-2012,5000
427,10-09-2012,6187
428,11-09-2012,5713
429,12-09-2012,6177
430,13-09-2012,6241.5
431,14-09-2012,6356.5
432,17-09-2012,6299
433,18-09-2012,6075
434,19-09-2012,3425.5
435,20-09-2012,5600
436,21-09-2012,5848
437,24-09-2012,5650
438,25-09-2012,5600
439,26-09-2012,5581
440,27-09-2012,5600
441,28-09-2012,5324
442,29-09-2012,6800
443,01-10-2012,5548
444,02-10-2012,5000
445,03-10-2012,5598.5
446,04-10-2012,5700
447,05-10-2012,5556
448,08-10-2012,5853
449,09-10-2012,5827.5
450,10-10-2012,5700
451,11-10-2012,5881.5
452,12-10-2012,5821.5
453,15-10-2012,5700
454,16-10-2012,6223
455,17-10-2012,6213
456,18-10-2012,6319
457,19-10-2012,6435
458,22-10-2012,6208
459,24-10-2012,4650
460,25-10-2012,5750
461,26-10-2012,5750
462,27-10-2012,4869
463,28-10-2012,4891
464,29-10-2012,6106
465,30-10-2012,5825
466,31-10-2012,5825
467,01-11-2012,5959.5
468,02-11-2012,6349
469,04-11-2012,4444
470,05-11-2012,6400
471,06-11-2012,5750
472,07-11-2012,6143
473,08-11-2012,6039.5
474,09-11-2012,6248
475,12-11-2012,6023.5
476,14-11-2012,6014
477,15-11-2012,6200
478,16-11-2012,5946
479,19-11-2012,6162.5
480,20-11-2012,6343
481,21-11-2012,6479.5
482,22-11-2012,6500
483,23-11-2012,6239.5
484,24-11-2012,6715
485,26-11-2012,6550
486,27-11-2012,5425
487,28-11-2012,6030
488,29-11-2012,5871
489,30-11-2012,6678
490,03-12-2012,6393
491,04-12-2012,6215
492,05-12-2012,6608
493,06-12-2012,6575
494,07-12-2012,6443.5
495,10-12-2012,6413
496,11-12-2012,6500
497,12-12-2012,6562
498,13-12-2012,6503.5
499,14-12-2012,6404
500,17-12-2012,6637.5
501,18-12-2012,6642.5
502,19-12-2012,6520
503,20-12-2012,6478.5
504,21-12-2012,6357
505,22-12-2012,5030
506,24-12-2012,6242.5
507,26-12-2012,6349.5
508,27-12-2012,6375
509,28-12-2012,6525
510,31-12-2012,6500
511,02-01-2013,6236
512,03-01-2013,6413
513,04-01-2013,6203.5
514,07-01-2013,6627
515,08-01-2013,6183
516,09-01-2013,6642.5
517,10-01-2013,6375
518,11-01-2013,6478
519,17-01-2013,6365
520,18-01-2013,6525
521,19-01-2013,4939
522,20-01-2013,6900
523,21-01-2013,6619
524,22-01-2013,6473.5
525,23-01-2013,6564
526,24-01-2013,6500
527,25-01-2013,5250
528,28-01-2013,6680.5
529,29-01-2013,6800
530,30-01-2013,6473
531,31-01-2013,6686
532,01-02-2013,6750
533,02-02-2013,5210
534,04-02-2013,6448.5
535,05-02-2013,6625
536,06-02-2013,6659.5
537,07-02-2013,6763
538,08-02-2013,6600
539,09-02-2013,5050
540,11-02-2013,6686
541,12-02-2013,6378
542,13-02-2013,6530
543,14-02-2013,6469
544,15-02-2013,6380
545,18-02-2013,6502.5
546,19-02-2013,6480
547,20-02-2013,6350
548,21-02-2013,6355.5
549,22-02-2013,6134
550,25-02-2013,6060
551,26-02-2013,5905
552,27-02-2013,5903
553,28-02-2013,6169.5
554,01-03-2013,6100
555,04-03-2013,5974
556,05-03-2013,6016
557,06-03-2013,6035
558,07-03-2013,6086
559,08-03-2013,5948
560,11-03-2013,6125
561,12-03-2013,6257
562,13-03-2013,5900
563,14-03-2013,6100
564,15-03-2013,5784
565,18-03-2013,5735
566,19-03-2013,5525
567,20-03-2013,5459
568,21-03-2013,5402.5
569,22-03-2013,5548
570,25-03-2013,5532
571,26-03-2013,5414
572,27-03-2013,5628
573,28-03-2013,5656
574,29-03-2013,4616
575,01-04-2013,5711
576,02-04-2013,5904.5
577,03-04-2013,6000
578,04-04-2013,6047
579,05-04-2013,6036
580,08-04-2013,5805.5
581,09-04-2013,5824
582,10-04-2013,5861
583,11-04-2013,4681
584,12-04-2013,5818
585,15-04-2013,5861.5
586,16-04-2013,5891
587,17-04-2013,5869
588,18-04-2013,5893.5
589,19-04-2013,5756
590,22-04-2013,5639
591,23-04-2013,5549
592,24-04-2013,4439
593,25-04-2013,5625
594,26-04-2013,5611
595,29-04-2013,5681.5
596,30-04-2013,5681
597,01-05-2013,4032.5
598,02-05-2013,5604.5
599,03-05-2013,5613
600,06-05-2013,5607
601,07-05-2013,5800
602,08-05-2013,5689
603,09-05-2013,5823
604,10-05-2013,5900
605,11-05-2013,4591
606,13-05-2013,5813
607,14-05-2013,5729
608,15-05-2013,5636
609,16-05-2013,5723
610,17-05-2013,5748
611,20-05-2013,5721
612,21-05-2013,5701
613,22-05-2013,5753
614,23-05-2013,5662.5
615,24-05-2013,5781
616,26-05-2013,4300
617,27-05-2013,5786
618,28-05-2013,5650
619,29-05-2013,5675
620,30-05-2013,5557.5
621,31-05-2013,5715
622,03-06-2013,5606.5
623,04-06-2013,5648
624,05-06-2013,5662.5
625,06-06-2013,5692.5
626,07-06-2013,5629.5
627,10-06-2013,5559
628,11-06-2013,5488
629,12-06-2013,5449.5
630,13-06-2013,5490
631,14-06-2013,5563.5
632,17-06-2013,5523
633,18-06-2013,5553.5
634,19-06-2013,5461
635,20-06-2013,5535
636,21-06-2013,5466.5
637,22-06-2013,4964
638,24-06-2013,5423
639,25-06-2013,5453
640,26-06-2013,5436
641,27-06-2013,5377.5
642,28-06-2013,5321
643,01-07-2013,5124
644,02-07-2013,5136
645,03-07-2013,5101.5
646,04-07-2013,4985.5
647,05-07-2013,4996
648,07-07-2013,5176
649,08-07-2013,5109
650,09-07-2013,5148
651,10-07-2013,5175
652,11-07-2013,5249
653,12-07-2013,5274.5
654,15-07-2013,5288
655,16-07-2013,5300
656,17-07-2013,5389
657,18-07-2013,5338
658,19-07-2013,5164.5
659,20-07-2013,2800
660,22-07-2013,5124
661,23-07-2013,5156
662,24-07-2013,5150.5
663,25-07-2013,5239
664,26-07-2013,5182
665,29-07-2013,5062
666,30-07-2013,5206
667,31-07-2013,5136
668,01-08-2013,5083
669,02-08-2013,5134
670,05-08-2013,5226
671,06-08-2013,5103
672,07-08-2013,5187
673,08-08-2013,5081
674,12-08-2013,5312
675,13-08-2013,5204.5
676,14-08-2013,5111.5
677,16-08-2013,5156.5
678,19-08-2013,5180
679,20-08-2013,5164
680,21-08-2013,5148
681,22-08-2013,5024.5
682,23-08-2013,5143
683,24-08-2013,4525
684,26-08-2013,5063
685,27-08-2013,5073.5
686,28-08-2013,4025
687,29-08-2013,5109.5
688,30-08-2013,5055.5
689,01-09-2013,5124
690,02-09-2013,5045
691,03-09-2013,4996.5
692,04-09-2013,4976
693,05-09-2013,5160
694,06-09-2013,4999
695,09-09-2013,4716
696,10-09-2013,5083
697,11-09-2013,5019
698,12-09-2013,5010.5
699,13-09-2013,5029
700,16-09-2013,5058.5
701,17-09-2013,5024.5
702,18-09-2013,5142
703,19-09-2013,4963
704,20-09-2013,5014.5
705,21-09-2013,5200
706,23-09-2013,5070
707,24-09-2013,4875
708,25-09-2013,4827.5
709,26-09-2013,4636
710,27-09-2013,4699
711,30-09-2013,4650
712,01-10-2013,4575
713,02-10-2013,3795
714,03-10-2013,4356
715,04-10-2013,4536
716,07-10-2013,4715.5
717,08-10-2013,4880
718,09-10-2013,4875
719,10-10-2013,4730.5
720,11-10-2013,4849
721,12-10-2013,3500
722,15-10-2013,4727
723,16-10-2013,3550
724,17-10-2013,4914.5
725,18-10-2013,4755
726,21-10-2013,4500
727,22-10-2013,4811
728,23-10-2013,4769.5
729,24-10-2013,4744
730,25-10-2013,4724.5
731,27-10-2013,2200
732,28-10-2013,4746.5
733,29-10-2013,4700
734,30-10-2013,4545
735,31-10-2013,4574
736,01-11-2013,4638
737,04-11-2013,4506
738,05-11-2013,4579
739,06-11-2013,4625
740,07-11-2013,4756
741,08-11-2013,4677
742,11-11-2013,4769.5
743,12-11-2013,4825
744,13-11-2013,4787
745,14-11-2013,4699
746,18-11-2013,4736
747,19-11-2013,4938
748,20-11-2013,4953
749,21-11-2013,4824.5
750,22-11-2013,5057.5
751,25-11-2013,5019.5
752,26-11-2013,4765
753,27-11-2013,4820.5
754,28-11-2013,4745
755,29-11-2013,4625
756,30-11-2013,3700
757,01-12-2013,4016
758,02-12-2013,4706
759,03-12-2013,4518
760,04-12-2013,4616.5
761,05-12-2013,4517.5
762,06-12-2013,4680
763,08-12-2013,3825
764,09-12-2013,4516
765,10-12-2013,4506
766,11-12-2013,4507
767,12-12-2013,4524
768,13-12-2013,4305
769,15-12-2013,3935
770,16-12-2013,4660
771,17-12-2013,4494
772,18-12-2013,4586
773,19-12-2013,4790
774,20-12-2013,4567.5
775,23-12-2013,4605
776,24-12-2013,4573
777,25-12-2013,3336
778,26-12-2013,4489
779,27-12-2013,4586
780,29-12-2013,3133
781,30-12-2013,4600
782,31-12-2013,4511
783,01-01-2014,3301
784,02-01-2014,4649
785,03-01-2014,4408
786,06-01-2014,4459
787,07-01-2014,4449
788,08-01-2014,4340
789,09-01-2014,4465
790,10-01-2014,4140
791,13-01-2014,4185
792,17-01-2014,3850
793,20-01-2014,4392
794,21-01-2014,4372
795,22-01-2014,4289.5
796,23-01-2014,4300
797,24-01-2014,4100
798,25-01-2014,3300
799,27-01-2014,4331
800,28-01-2014,4352.5
801,29-01-2014,4250
802,30-01-2014,4335
803,31-01-2014,4323
804,01-02-2014,4375
805,03-02-2014,4284
806,04-02-2014,4276
807,05-02-2014,4203
808,06-02-2014,4447.5
809,07-02-2014,4192
810,10-02-2014,4449
811,11-02-2014,4492
812,12-02-2014,4129
813,13-02-2014,4261
814,14-02-2014,4510
815,17-02-2014,4424
816,18-02-2014,4452.5
817,19-02-2014,4333
818,20-02-2014,4214.5
819,21-02-2014,4580
820,24-02-2014,4437.5
821,25-02-2014,4374
822,26-02-2014,4461
823,27-02-2014,4451
824,28-02-2014,4455
825,03-03-2014,4361
826,04-03-2014,4350
827,05-03-2014,4162
828,06-03-2014,4368
829,07-03-2014,4418
830,09-03-2014,3161
831,10-03-2014,4312.5
832,11-03-2014,4422.5
833,12-03-2014,4321
834,13-03-2014,4299
835,14-03-2014,4265
836,15-03-2014,3450
837,17-03-2014,4263
838,18-03-2014,4294.5
839,19-03-2014,4203
840,20-03-2014,4388.5
841,21-03-2014,4511
842,22-03-2014,3844
843,23-03-2014,3669
844,24-03-2014,4537
845,25-03-2014,4644.5
846,26-03-2014,4743
847,27-03-2014,4723.5
848,28-03-2014,4556.5
849,01-04-2014,4630
850,02-04-2014,4717.5
851,03-04-2014,4694
852,04-04-2014,4749
853,06-04-2014,4015
854,07-04-2014,4642
855,08-04-2014,4599
856,09-04-2014,4520
857,10-04-2014,4552
858,11-04-2014,4541
859,15-04-2014,4437
860,16-04-2014,4624
861,17-04-2014,4605
862,19-04-2014,3341
863,20-04-2014,3850
864,21-04-2014,4655
865,22-04-2014,4667
866,23-04-2014,4492.5
867,25-04-2014,4788
868,27-04-2014,3746
869,28-04-2014,4785
870,29-04-2014,4717.5
871,30-04-2014,4770.5
872,02-05-2014,4830.5
873,03-05-2014,3513.5
874,05-05-2014,4930
875,06-05-2014,4736
876,07-05-2014,4550
877,08-05-2014,4536
878,09-05-2014,4688.5
879,11-05-2014,3773
880,12-05-2014,4742
881,13-05-2014,4766
882,14-05-2014,4765
883,15-05-2014,4862.5
884,16-05-2014,4699.5
885,19-05-2014,4966
886,20-05-2014,5050
887,21-05-2014,5115
888,22-05-2014,5090
889,23-05-2014,5180
890,24-05-2014,3944
891,26-05-2014,5184.5
892,27-05-2014,5205
893,28-05-2014,5149.5
894,29-05-2014,5057.5
895,30-05-2014,5189
896,01-06-2014,4091
897,02-06-2014,5170
898,03-06-2014,5169
899,04-06-2014,5064.5
900,05-06-2014,5273
901,06-06-2014,5218.5
902,09-06-2014,5176
903,10-06-2014,5264
904,11-06-2014,5145
905,12-06-2014,5240
906,13-06-2014,5237
907,14-06-2014,3639
908,16-06-2014,5077.5
909,17-06-2014,5063
910,18-06-2014,5014
911,19-06-2014,5058
912,20-06-2014,4986
913,23-06-2014,4900
914,24-06-2014,4855
915,25-06-2014,4985.5
916,26-06-2014,4975
917,27-06-2014,4930
918,28-06-2014,3300
919,30-06-2014,5025.5
920,01-07-2014,4900
921,02-07-2014,4961
922,03-07-2014,4861
923,04-07-2014,5014
924,05-07-2014,10083
925,07-07-2014,5066
926,08-07-2014,5067
927,09-07-2014,5043
928,10-07-2014,5127.5
929,11-07-2014,5062.5
930,14-07-2014,5057.5
931,15-07-2014,4949
932,16-07-2014,4974
933,17-07-2014,5051
934,18-07-2014,5010.5
935,21-07-2014,4986.5
936,22-07-2014,5006.5
937,23-07-2014,4900
938,24-07-2014,4953
939,25-07-2014,5017.5
940,28-07-2014,5059.5
941,30-07-2014,4966.5
942,31-07-2014,5054
943,01-08-2014,5100
944,04-08-2014,5135.5
945,05-08-2014,5211
946,06-08-2014,5240.5
947,07-08-2014,5331.5
948,08-08-2014,5395
949,09-08-2014,2848
950,11-08-2014,5498
951,12-08-2014,5490.5
952,13-08-2014,5500
953,14-08-2014,5844.5
954,15-08-2014,5299
955,16-08-2014,4921
956,18-08-2014,6004
957,19-08-2014,6455
958,20-08-2014,6024
959,21-08-2014,6415
960,22-08-2014,6487.5
961,23-08-2014,5786
962,25-08-2014,6168.5
963,26-08-2014,5832
964,27-08-2014,5756.5
965,28-08-2014,6125
966,30-08-2014,4691.5
967,01-09-2014,6065
968,02-09-2014,5983
969,03-09-2014,5910.5
970,04-09-2014,5995.5
971,05-09-2014,6174
972,07-09-2014,4200
973,08-09-2014,5894.5
974,09-09-2014,6197
975,10-09-2014,6108
976,11-09-2014,6274
977,12-09-2014,6205
978,13-09-2014,4300
979,15-09-2014,6250
980,16-09-2014,6061
981,17-09-2014,6269
982,18-09-2014,6104.5
983,19-09-2014,5930
984,22-09-2014,6175
985,23-09-2014,5949
986,24-09-2014,5980
987,25-09-2014,5914
988,26-09-2014,5784.5
989,27-09-2014,4302
990,29-09-2014,5809.5
991,30-09-2014,5619.5
992,01-10-2014,5674
993,04-10-2014,4419
994,07-10-2014,5422
995,08-10-2014,5493
996,09-10-2014,5451
997,10-10-2014,5500
998,11-10-2014,4329
999,13-10-2014,5644
1000,14-10-2014,5644
1001,15-10-2014,5574
1002,16-10-2014,5518
1003,17-10-2014,5526
1004,18-10-2014,4349.5
1005,20-10-2014,5107.5
1006,21-10-2014,5354
1007,23-10-2014,3907.5
1008,24-10-2014,4995.5
1009,25-10-2014,4189
1010,27-10-2014,5381
1011,28-10-2014,5383
1012,29-10-2014,5018
1013,30-10-2014,4997
1014,31-10-2014,4991
1015,01-11-2014,4269
1016,03-11-2014,4884
1017,04-11-2014,3800
1018,05-11-2014,4815
1019,06-11-2014,4820
1020,07-11-2014,4994
1021,10-11-2014,4878
1022,11-11-2014,4679
1023,12-11-2014,4761
1024,13-11-2014,4963
1025,14-11-2014,4453.5
1026,15-11-2014,4109
1027,17-11-2014,4874
1028,18-11-2014,4294.5
1029,19-11-2014,4660.5
1030,20-11-2014,4813
1031,21-11-2014,4938
1032,24-11-2014,4858
1033,25-11-2014,4500
1034,26-11-2014,4799
1035,27-11-2014,4847
1036,28-11-2014,4975
1037,01-12-2014,4782.5
1038,02-12-2014,4836
1039,03-12-2014,4227.5
1040,04-12-2014,4667.5
1041,05-12-2014,4209.5
1042,08-12-2014,4291
1043,09-12-2014,4359.5
1044,10-12-2014,3875
1045,11-12-2014,4584
1046,12-12-2014,4768
1047,15-12-2014,4513
1048,16-12-2014,4564.5
1049,17-12-2014,4806
1050,18-12-2014,4785
1051,19-12-2014,4883.5
1052,22-12-2014,4769
1053,23-12-2014,4820
1054,24-12-2014,4374
1055,26-12-2014,4446.5
1056,29-12-2014,4987.5
1057,30-12-2014,4463
1058,31-12-2014,4581
1059,02-01-2015,4865
1060,05-01-2015,4996.5
1061,06-01-2015,4918
1062,07-01-2015,4924
1063,08-01-2015,4749.5
1064,09-01-2015,4887
1065,12-01-2015,4893.5
1066,13-01-2015,4872
1067,14-01-2015,4745.5
1068,19-01-2015,4877
1069,20-01-2015,4765
1070,21-01-2015,4925
1071,22-01-2015,4955.5
1072,23-01-2015,5105
1073,27-01-2015,5000
1074,28-01-2015,4461
1075,29-01-2015,4893.5
1076,30-01-2015,5000
1077,02-02-2015,4987
1078,03-02-2015,5400
1079,04-02-2015,5059
1080,05-02-2015,5339
1081,06-02-2015,4950
1082,09-02-2015,5802.5
1083,10-02-2015,5314
1084,11-02-2015,5495
1085,12-02-2015,5550
1086,13-02-2015,5487
1087,14-02-2015,5609
1088,16-02-2015,5247
1089,17-02-2015,4899.5
1090,18-02-2015,5861
1091,19-02-2015,5934
1092,20-02-2015,5934
1093,23-02-2015,6000
1094,24-02-2015,5830
1095,25-02-2015,5680.5
1096,26-02-2015,5700
1097,27-02-2015,5792.5
1098,28-02-2015,4296
1099,02-03-2015,5761.5
1100,03-03-2015,5652
1101,04-03-2015,5517.5
1102,05-03-2015,5852.5
1103,06-03-2015,5838.5
1104,07-03-2015,3056
1105,09-03-2015,5729
1106,10-03-2015,4946
1107,11-03-2015,5632
1108,12-03-2015,5765
1109,13-03-2015,5931
1110,14-03-2015,5132.5
1111,16-03-2015,5884.5
1112,17-03-2015,5543
1113,18-03-2015,5785
1114,19-03-2015,6078
1115,20-03-2015,6000
1116,21-03-2015,4263
1117,23-03-2015,6059
1118,24-03-2015,5065
1119,25-03-2015,6000
1120,26-03-2015,5655
1121,27-03-2015,6065
1122,30-03-2015,5874
1123,31-03-2015,6000
1124,01-04-2015,6047
1125,03-04-2015,4815
1126,04-04-2015,4546
1127,06-04-2015,5868
1128,07-04-2015,5800
1129,08-04-2015,6122
1130,09-04-2015,6261
1131,10-04-2015,6318
1132,11-04-2015,4889
1133,13-04-2015,6118
1134,14-04-2015,4850
1135,15-04-2015,6327.5
1136,16-04-2015,6318
1137,17-04-2015,5661
1138,18-04-2015,5289
1139,20-04-2015,5400
1140,21-04-2015,5810
1141,22-04-2015,6446.5
1142,23-04-2015,6273
1143,24-04-2015,6629
1144,26-04-2015,7000
1145,27-04-2015,6429
1146,28-04-2015,6301.5
1147,29-04-2015,5593
1148,30-04-2015,5400
1149,02-05-2015,4899.5
1150,04-05-2015,6367.5
1151,05-05-2015,6355
1152,06-05-2015,6416
1153,07-05-2015,6442
1154,08-05-2015,5984
1155,09-05-2015,5000
1156,11-05-2015,6691
1157,12-05-2015,6329
1158,13-05-2015,6628
1159,14-05-2015,6344.5
1160,15-05-2015,6299.5
1161,18-05-2015,6808
1162,19-05-2015,6746
1163,20-05-2015,6771
1164,21-05-2015,7099
1165,22-05-2015,6748
1166,23-05-2015,4819
1167,25-05-2015,6997
1168,26-05-2015,6200
1169,27-05-2015,6406
1170,28-05-2015,6849
1171,29-05-2015,6860.5
1172,30-05-2015,5269
1173,01-06-2015,7138
1174,02-06-2015,6856.5
1175,03-06-2015,6974
1176,04-06-2015,6917.5
1177,05-06-2015,7083
1178,06-06-2015,5319
1179,08-06-2015,7119
1180,09-06-2015,7106
1181,10-06-2015,6636
1182,11-06-2015,7823
1183,12-06-2015,7371
1184,13-06-2015,5669
1185,15-06-2015,7374
1186,16-06-2015,7258
1187,17-06-2015,6984
1188,18-06-2015,7500
1189,19-06-2015,7303
1190,20-06-2015,5289
1191,22-06-2015,7326
1192,23-06-2015,6330
1193,24-06-2015,7130.5
1194,25-06-2015,7293.5
1195,26-06-2015,7000
1196,27-06-2015,6262
1197,29-06-2015,7338
1198,30-06-2015,7125
1199,01-07-2015,6787
1200,02-07-2015,7024.5
1201,03-07-2015,7155
1202,04-07-2015,5839
1203,06-07-2015,7167.5
1204,07-07-2015,6169
1205,08-07-2015,6984
1206,09-07-2015,7000
1207,10-07-2015,7074
1208,11-07-2015,5609
1209,13-07-2015,7184
1210,14-07-2015,7251
1211,15-07-2015,7265.5
1212,16-07-2015,7426
1213,17-07-2015,7222.5
1214,20-07-2015,7396
1215,21-07-2015,7006
1216,22-07-2015,6513
1217,23-07-2015,7457
1218,24-07-2015,7483
1219,25-07-2015,5789
1220,27-07-2015,7220
1221,28-07-2015,6093
1222,29-07-2015,6250
1223,30-07-2015,5810
1224,31-07-2015,7366
1225,01-08-2015,6109
1226,03-08-2015,7430
1227,04-08-2015,6850
1228,05-08-2015,7695
1229,06-08-2015,7269
1230,07-08-2015,7270
1231,08-08-2015,6014
1232,10-08-2015,7792
1233,11-08-2015,7213
1234,12-08-2015,7434
1235,13-08-2015,7120
1236,14-08-2015,7548
1237,17-08-2015,7761
1238,18-08-2015,7736
1239,19-08-2015,7798
1240,20-08-2015,7884
1241,21-08-2015,7585.5
1242,22-08-2015,5526
1243,24-08-2015,7564
1244,25-08-2015,7824
1245,26-08-2015,7926
1246,27-08-2015,7960
1247,28-08-2015,7713
1248,29-08-2015,5609
1249,31-08-2015,7206
1250,01-09-2015,7334
1251,02-09-2015,7336
1252,03-09-2015,7204
1253,04-09-2015,7527
1254,05-09-2015,5369
1255,07-09-2015,7798
1256,08-09-2015,7031.5
1257,09-09-2015,7563
1258,10-09-2015,7450
1259,11-09-2015,7268
1260,12-09-2015,5390
1261,14-09-2015,7061
1262,15-09-2015,7121
1263,16-09-2015,7393
1264,18-09-2015,7201.5
1265,19-09-2015,5234
1266,21-09-2015,7425
1267,22-09-2015,6826
1268,23-09-2015,6605
1269,24-09-2015,6581
1270,25-09-2015,6875
1271,26-09-2015,4850.5
1272,28-09-2015,6280
1273,29-09-2015,6062
1274,30-09-2015,6112.5
1275,01-10-2015,6074
1276,03-10-2015,4269
1277,05-10-2015,6224
1278,06-10-2015,5979.5
1279,07-10-2015,6323
1280,08-10-2015,5502
1281,09-10-2015,6102
1282,10-10-2015,4114.5
1283,12-10-2015,6053.5
1284,13-10-2015,6086
1285,14-10-2015,6386
1286,15-10-2015,6093
1287,16-10-2015,5986
1288,17-10-2015,4421
1289,19-10-2015,6072.5
1290,20-10-2015,5105.5
1291,21-10-2015,4676
1292,23-10-2015,5465
1293,26-10-2015,5547
1294,27-10-2015,5665
1295,28-10-2015,5417
1296,29-10-2015,5570
1297,30-10-2015,5647
1298,31-10-2015,4449
1299,02-11-2015,5635.5
1300,03-11-2015,5658
1301,04-11-2015,5557
1302,05-11-2015,5505
1303,06-11-2015,5733.5
1304,09-11-2015,4800
1305,10-11-2015,4670
1306,11-11-2015,5079
1307,12-11-2015,5469
1308,13-11-2015,5156
1309,16-11-2015,5043
1310,17-11-2015,5281
1311,18-11-2015,4850
1312,19-11-2015,5562
1313,20-11-2015,5412
1314,21-11-2015,4200
1315,23-11-2015,5459
1316,24-11-2015,4909
1317,25-11-2015,5065
1318,26-11-2015,5306
1319,27-11-2015,5155.5
1320,30-11-2015,5250
1321,01-12-2015,5293
1322,02-12-2015,4900
1323,03-12-2015,5268
1324,04-12-2015,4900
1325,05-12-2015,5500
1326,07-12-2015,5255.5
1327,08-12-2015,5375
1328,09-12-2015,5562
1329,10-12-2015,5361
1330,11-12-2015,5361
1331,14-12-2015,5618.5
1332,15-12-2015,4769
1333,16-12-2015,5222
1334,17-12-2015,5510.5
1335,18-12-2015,5377
1336,19-12-2015,4329.5
1337,21-12-2015,5617.5
1338,22-12-2015,5455
1339,23-12-2015,5200
1340,24-12-2015,4900
1341,26-12-2015,4208
1342,28-12-2015,5319
1343,29-12-2015,5072.5
1344,30-12-2015,4800
1345,31-12-2015,5388
1346,02-01-2016,4460
1347,04-01-2016,5807
1348,05-01-2016,5628
1349,06-01-2016,5495.5
1350,07-01-2016,5635
1351,08-01-2016,5414
1352,11-01-2016,5748
1353,12-01-2016,5399
1354,13-01-2016,5399
1355,14-01-2016,5073
1356,18-01-2016,5250
1357,19-01-2016,4940
1358,20-01-2016,5589
1359,21-01-2016,5024.5
1360,22-01-2016,5675
1361,25-01-2016,5269
1362,26-01-2016,4600
1363,27-01-2016,5344.5
1364,28-01-2016,5553
1365,29-01-2016,5336
1366,01-02-2016,5581
1367,02-02-2016,4650
1368,03-02-2016,5523
1369,04-02-2016,5511
1370,05-02-2016,4870
1371,08-02-2016,5757
1372,09-02-2016,5250.5
1373,10-02-2016,5173.5
1374,11-02-2016,5390.5
1375,12-02-2016,5434
1376,15-02-2016,5214
1377,16-02-2016,5363
1378,17-02-2016,5075
1379,18-02-2016,5600
1380,19-02-2016,5914.5
1381,20-02-2016,4400
1382,22-02-2016,5452
1383,23-02-2016,4795
1384,24-02-2016,5816.5
1385,25-02-2016,6317
1386,26-02-2016,5770
1387,29-02-2016,6053
1388,01-03-2016,5736
1389,02-03-2016,5739
1390,03-03-2016,5258.5
1391,04-03-2016,5853
1392,06-03-2016,4780
1393,07-03-2016,6474
1394,08-03-2016,6011
1395,09-03-2016,6281
1396,10-03-2016,5590
1397,11-03-2016,6236
1398,14-03-2016,5845.5
1399,15-03-2016,6138
1400,16-03-2016,5687.5
1401,17-03-2016,6238
1402,18-03-2016,6350
1403,19-03-2016,5129
1404,21-03-2016,6274
1405,22-03-2016,6537
1406,23-03-2016,6249.5
1407,24-03-2016,7053.5
1408,26-03-2016,4159
1409,27-03-2016,4960
1410,28-03-2016,6524
1411,29-03-2016,5756
1412,30-03-2016,5645
1413,31-03-2016,6638
1414,01-04-2016,6799
1415,02-04-2016,5039
1416,03-04-2016,5150
1417,04-04-2016,6907
1418,05-04-2016,6746.5
1419,06-04-2016,6325
1420,07-04-2016,6479
1421,09-04-2016,4924.5
1422,11-04-2016,6674
1423,12-04-2016,6677
1424,13-04-2016,6765.5
1425,15-04-2016,6362
1426,18-04-2016,6534
1427,19-04-2016,4750
1428,20-04-2016,6605.5
1429,21-04-2016,6763
1430,22-04-2016,6664
1431,23-04-2016,4999
1432,24-04-2016,4810
1433,25-04-2016,6610
1434,26-04-2016,6075
1435,27-04-2016,6528
1436,28-04-2016,6872.5
1437,29-04-2016,6627
1438,30-04-2016,5469
1439,02-05-2016,6945.5
1440,03-05-2016,7059.5
1441,04-05-2016,7005.5
1442,05-05-2016,6275
1443,06-05-2016,7176
1444,07-05-2016,5788
1445,08-05-2016,5273
1446,09-05-2016,6774
1447,10-05-2016,7023.5
1448,11-05-2016,6791
1449,12-05-2016,6611
1450,13-05-2016,6714.5
1451,17-05-2016,5750
1452,18-05-2016,6636
1453,19-05-2016,5211
1454,20-05-2016,7128
1455,21-05-2016,5819
1456,23-05-2016,6305
1457,24-05-2016,6375.5
1458,25-05-2016,7023
1459,26-05-2016,6895.5
1460,27-05-2016,7389
1461,28-05-2016,5729
1462,30-05-2016,7250
1463,31-05-2016,7383
1464,01-06-2016,7223
1465,02-06-2016,7164.5
1466,03-06-2016,7000
1467,04-06-2016,5619
1468,06-06-2016,6900
1469,07-06-2016,7111
1470,08-06-2016,7062.5
1471,09-06-2016,6336
1472,10-06-2016,6781
1473,11-06-2016,4714.5
1474,13-06-2016,6618
1475,14-06-2016,6892.5
1476,15-06-2016,6883.5
1477,16-06-2016,7243.5
1478,17-06-2016,6401
1479,20-06-2016,6809.5
1480,21-06-2016,7549
1481,22-06-2016,7388
1482,23-06-2016,6474
1483,24-06-2016,6082
1484,27-06-2016,6551
1485,28-06-2016,7230.5
1486,29-06-2016,7585
1487,30-06-2016,6636
1488,01-07-2016,6396.5
1489,04-07-2016,7380.5
1490,05-07-2016,7580
1491,06-07-2016,6642.5
1492,08-07-2016,7069
1493,11-07-2016,6387.5
1494,12-07-2016,6630.5
1495,13-07-2016,6631.5
1496,14-07-2016,7529
1497,15-07-2016,6898.5
1498,18-07-2016,7500
1499,19-07-2016,6454
1500,20-07-2016,6439
1501,21-07-2016,7022
1502,22-07-2016,7371
1503,25-07-2016,7015
1504,26-07-2016,6313
1505,27-07-2016,7064
1506,28-07-2016,7305
1507,29-07-2016,7262
1508,01-08-2016,7204.5
1509,02-08-2016,6707.5
1510,03-08-2016,7177
1511,04-08-2016,7480
1512,05-08-2016,7498.5
1513,08-08-2016,6952.5
1514,09-08-2016,7129.5
1515,10-08-2016,7585
1516,11-08-2016,7331
1517,12-08-2016,7300
1518,16-08-2016,7573
1519,17-08-2016,7458
1520,18-08-2016,7454
1521,19-08-2016,7053
1522,22-08-2016,7088
1523,23-08-2016,7161
1524,24-08-2016,6893.5
1525,25-08-2016,5760
1526,26-08-2016,7305
1527,29-08-2016,6821
1528,30-08-2016,6452.5
1529,31-08-2016,6470
1530,01-09-2016,6267
1531,02-09-2016,6246
1532,06-09-2016,6188
1533,07-09-2016,6004
1534,08-09-2016,6166.5
1535,09-09-2016,6321.5
1536,12-09-2016,5900
1537,14-09-2016,6375
1538,15-09-2016,6380
1539,16-09-2016,5300
1540,19-09-2016,6226.5
1541,20-09-2016,6325
1542,21-09-2016,6062.5
1543,22-09-2016,6715
1544,23-09-2016,6893.5
1545,26-09-2016,6736
1546,27-09-2016,5836
1547,28-09-2016,6680
1548,29-09-2016,6213.5
1549,30-09-2016,5799
1550,03-10-2016,6748
1551,04-10-2016,6602.5
1552,05-10-2016,6805.5
1553,06-10-2016,5970
1554,07-10-2016,6695
1555,12-10-2016,5239
1556,13-10-2016,6590
1557,14-10-2016,6404
1558,17-10-2016,6509
1559,18-10-2016,6398
1560,19-10-2016,6480
1561,20-10-2016,6150
1562,21-10-2016,6465
1563,24-10-2016,6466
1564,25-10-2016,6329.5
1565,26-10-2016,6200
1566,27-10-2016,6299
1567,28-10-2016,5994.5
1568,31-10-2016,5936
1569,01-11-2016,5674
1570,02-11-2016,6374
1571,03-11-2016,6291
1572,04-11-2016,6138
1573,07-11-2016,6000
1574,08-11-2016,6427.5
1575,09-11-2016,6462
1576,10-11-2016,6504.5
1577,11-11-2016,5100
1578,14-11-2016,5665
1579,15-11-2016,6011
1580,16-11-2016,5900
1581,17-11-2016,6059
1582,18-11-2016,5659.5
1583,21-11-2016,6289
1584,22-11-2016,6315
1585,23-11-2016,5800
1586,24-11-2016,6858
1587,25-11-2016,5830.5
1588,28-11-2016,4500
1589,29-11-2016,6269.5
1590,30-11-2016,5800
1591,01-12-2016,6327
1592,02-12-2016,5772.5
1593,05-12-2016,6538
1594,07-12-2016,5205
1595,08-12-2016,6236
1596,09-12-2016,6883
1597,10-12-2016,5500
1598,12-12-2016,6895
1599,13-12-2016,5650
1600,14-12-2016,6536
1601,15-12-2016,6561
1602,16-12-2016,6856
1603,17-12-2016,5010
1604,19-12-2016,6911
1605,20-12-2016,7067.5
1606,21-12-2016,7160.5
1607,22-12-2016,6650
1608,23-12-2016,6655
1609,26-12-2016,6974
1610,27-12-2016,6539.5
1611,28-12-2016,6737
1612,29-12-2016,6086
1613,30-12-2016,6642
1614,02-01-2017,6833.5
1615,03-01-2017,6605
1616,04-01-2017,6874
1617,05-01-2017,6275
1618,06-01-2017,7084.5
1619,07-01-2017,7000
1620,09-01-2017,6786
1621,10-01-2017,6142
1622,11-01-2017,6080
1623,12-01-2017,6839
1624,13-01-2017,6599
1625,18-01-2017,6098
1626,19-01-2017,6680.5
1627,20-01-2017,6050
1628,23-01-2017,6809
1629,24-01-2017,6489
1630,25-01-2017,6711.5
1631,27-01-2017,5911
1632,30-01-2017,6936
1633,31-01-2017,6667
1634,01-02-2017,5945
1635,02-02-2017,6899
1636,03-02-2017,6950
1637,06-02-2017,6336
1638,07-02-2017,6700
1639,08-02-2017,6806
1640,09-02-2017,7013
1641,10-02-2017,6458
1642,13-02-2017,7108
1643,14-02-2017,6825
1644,15-02-2017,6723
1645,16-02-2017,6761
1646,17-02-2017,7121.5
1647,20-02-2017,6786
1648,21-02-2017,6792
1649,22-02-2017,6998.5
1650,23-02-2017,7059.5
1651,24-02-2017,7111
1652,27-02-2017,6759
1653,28-02-2017,7228.5
1654,01-03-2017,7094
1655,02-03-2017,7483
1656,03-03-2017,7200
1657,06-03-2017,6886
1658,07-03-2017,7611
1659,08-03-2017,7021
1660,09-03-2017,6912.5
1661,10-03-2017,7136.5
1662,13-03-2017,7333
1663,14-03-2017,7000
1664,15-03-2017,7170
1665,16-03-2017,7449
1666,17-03-2017,7328
1667,20-03-2017,7235
1668,21-03-2017,7196
1669,22-03-2017,7080
1670,23-03-2017,7277
1671,24-03-2017,7480
1672,27-03-2017,7200
1673,28-03-2017,7097.5
1674,29-03-2017,5959
1675,30-03-2017,7105
1676,31-03-2017,7112
1677,03-04-2017,6983
1678,04-04-2017,7161
1679,05-04-2017,7111
1680,06-04-2017,7375
1681,07-04-2017,7449.5
1682,10-04-2017,7185
1683,11-04-2017,7249
1684,12-04-2017,6805.5
1685,13-04-2017,7420
1686,17-04-2017,7111
1687,18-04-2017,7378
1688,19-04-2017,6823
1689,20-04-2017,7079
1690,21-04-2017,7000
1691,24-04-2017,7163
1692,25-04-2017,5750
1693,26-04-2017,7023.5
1694,27-04-2017,6990
1695,28-04-2017,7188
1696,29-04-2017,4869
1697,02-05-2017,7099
1698,03-05-2017,6875.5
1699,04-05-2017,6939
1700,05-05-2017,6979
1701,08-05-2017,7014
1702,09-05-2017,6816.5
1703,10-05-2017,6928
1704,11-05-2017,6905
1705,12-05-2017,6877.5
1706,15-05-2017,6828
1707,16-05-2017,6815
1708,17-05-2017,6840
1709,18-05-2017,6844
1710,19-05-2017,7380
1711,22-05-2017,6885.5
1712,23-05-2017,6784
1713,24-05-2017,6890
1714,25-05-2017,6832
1715,26-05-2017,6627
1716,29-05-2017,6886
1717,30-05-2017,6674
1718,31-05-2017,6999.5
1719,01-06-2017,6963
1720,02-06-2017,6886
1721,05-06-2017,6840
1722,06-06-2017,6540.5
1723,07-06-2017,5923
1724,08-06-2017,6511.5
1725,09-06-2017,6600
1726,12-06-2017,6363
1727,13-06-2017,6998
1728,14-06-2017,6674
1729,15-06-2017,6469.5
1730,16-06-2017,6255
1731,19-06-2017,6838
1732,20-06-2017,6409
1733,21-06-2017,6231
1734,22-06-2017,6787
1735,23-06-2017,6500
1736,27-06-2017,6673.5
1737,28-06-2017,6607.5
1738,29-06-2017,6555.5
1739,30-06-2017,6383
1740,03-07-2017,6831
1741,04-07-2017,5999
1742,05-07-2017,6274
1743,06-07-2017,6124
1744,07-07-2017,6612.5
1745,10-07-2017,6451.5
1746,11-07-2017,5817.5
1747,12-07-2017,6000
1748,13-07-2017,6528
1749,14-07-2017,6740
1750,15-07-2017,2300
1751,17-07-2017,7093
1752,18-07-2017,6336
1753,19-07-2017,6153.5
1754,20-07-2017,6761
1755,21-07-2017,7000
1756,24-07-2017,6416
1757,25-07-2017,6411
1758,26-07-2017,6240.5
1759,27-07-2017,6491
1760,28-07-2017,6361
1761,31-07-2017,6787
1762,01-08-2017,6495
1763,02-08-2017,6750
1764,03-08-2017,6540
1765,04-08-2017,6148
1766,07-08-2017,6797.5
1767,08-08-2017,5645
1768,09-08-2017,6407.5
1769,10-08-2017,6650
1770,11-08-2017,6495.5
1771,16-08-2017,6153
1772,17-08-2017,6264.5
1773,18-08-2017,6875
1774,20-08-2017,4500
1775,21-08-2017,6342
1776,22-08-2017,6377
1777,23-08-2017,6565.5
1778,24-08-2017,6313.5
1779,28-08-2017,6364
1780,29-08-2017,6317
1781,30-08-2017,6301
1782,31-08-2017,6416
1783,01-09-2017,5984
1784,03-09-2017,4500
1785,04-09-2017,6479
1786,05-09-2017,6189
1787,06-09-2017,5982
1788,07-09-2017,6257.5
1789,08-09-2017,6073.5
1790,11-09-2017,6258.5
1791,12-09-2017,5873
1792,13-09-2017,6261
1793,14-09-2017,6250.5
1794,15-09-2017,6209.5
1795,18-09-2017,6028
1796,19-09-2017,6300
1797,20-09-2017,5638
1798,21-09-2017,6152
1799,22-09-2017,6236
1800,25-09-2017,6268
1801,26-09-2017,6013.5
1802,27-09-2017,6199.5
1803,28-09-2017,5980.5
1804,03-10-2017,6011
1805,04-10-2017,5834
1806,05-10-2017,5560.5
1807,06-10-2017,5305
1808,09-10-2017,5305
1809,10-10-2017,5098
1810,11-10-2017,5357
1811,12-10-2017,5361
1812,13-10-2017,5349
1813,16-10-2017,5350
1814,17-10-2017,5161
1815,19-10-2017,5338.5
1816,20-10-2017,5355
1817,22-10-2017,7600
1818,23-10-2017,5362
1819,24-10-2017,5149
1820,25-10-2017,5101
1821,26-10-2017,5150
1822,27-10-2017,5234
1823,28-10-2017,4200
1824,30-10-2017,5372
1825,31-10-2017,5118.5
1826,01-11-2017,5161
1827,02-11-2017,5130
1828,03-11-2017,5061.5
1829,06-11-2017,5138
1830,07-11-2017,5043
1831,08-11-2017,5017.5
1832,09-11-2017,5102
1833,10-11-2017,5084.5
1834,13-11-2017,5045
1835,14-11-2017,5114.5
1836,15-11-2017,5082
1837,16-11-2017,5113
1838,17-11-2017,5161
1839,18-11-2017,5000
1840,20-11-2017,5125
1841,21-11-2017,5078
1842,22-11-2017,5175
1843,23-11-2017,5174
1844,24-11-2017,5268
1845,27-11-2017,5126.5
1846,28-11-2017,5170.5
1847,29-11-2017,5086
1848,30-11-2017,5161
1849,01-12-2017,5114.5
1850,04-12-2017,5479
1851,05-12-2017,5074
1852,06-12-2017,5275
1853,07-12-2017,5230
1854,08-12-2017,5235.5
1855,09-12-2017,4250
1856,11-12-2017,5456.5
1857,12-12-2017,5229
1858,13-12-2017,5419
1859,14-12-2017,5266
1860,15-12-2017,5234
1861,16-12-2017,4365.5
1862,18-12-2017,5425.5
1863,19-12-2017,5144
1864,20-12-2017,5103
1865,21-12-2017,5157
1866,22-12-2017,5211
1867,26-12-2017,5086
1868,27-12-2017,5036
1869,28-12-2017,5186
1870,29-12-2017,5089
1871,02-01-2018,4974
1872,03-01-2018,4990
1873,04-01-2018,4935
1874,05-01-2018,5000
1875,08-01-2018,5305
1876,09-01-2018,4803
1877,10-01-2018,4845
1878,11-01-2018,5000
1879,12-01-2018,4758
1880,17-01-2018,4592.5
1881,18-01-2018,4786
1882,19-01-2018,4855
1883,21-01-2018,3300
1884,22-01-2018,4742
1885,23-01-2018,4831
1886,24-01-2018,4849
1887,25-01-2018,4970.5
1888,29-01-2018,5100
1889,30-01-2018,4563
1890,31-01-2018,4880.5
1891,01-02-2018,4758
1892,02-02-2018,4949.5
1893,05-02-2018,5132.5
1894,06-02-2018,5280.5
1895,07-02-2018,5050
1896,08-02-2018,5175
1897,09-02-2018,5200
1898,12-02-2018,5599
1899,13-02-2018,5400
1900,14-02-2018,5185.5
1901,15-02-2018,5200
1902,16-02-2018,5196
1903,19-02-2018,5814
1904,20-02-2018,5200
1905,21-02-2018,5537
1906,22-02-2018,5264.5
1907,23-02-2018,5773
1908,26-02-2018,5561
1909,27-02-2018,5299
1910,28-02-2018,5340.5
1911,01-03-2018,5734
1912,02-03-2018,5474
1913,05-03-2018,5491.5
1914,06-03-2018,5332.5
1915,07-03-2018,5507.5
1916,08-03-2018,5450
1917,09-03-2018,5437
1918,12-03-2018,5437
1919,13-03-2018,5474
1920,14-03-2018,5508.5
1921,15-03-2018,5236.5
1922,16-03-2018,5270
1923,17-03-2018,5901
1924,19-03-2018,5330
1925,20-03-2018,5430
1926,21-03-2018,5399
1927,22-03-2018,5411
1928,23-03-2018,5379
1929,26-03-2018,5422
1930,27-03-2018,5476.5
1931,28-03-2018,5298
1932,02-04-2018,5461
1933,03-04-2018,5478.5
1934,04-04-2018,5424
1935,05-04-2018,4785
1936,06-04-2018,5438.5
1937,07-04-2018,5500
1938,09-04-2018,5399
1939,10-04-2018,5294
1940,11-04-2018,4946
1941,12-04-2018,5253
1942,13-04-2018,5302
1943,16-04-2018,5233
1944,17-04-2018,5178.5
1945,18-04-2018,5132.5
1946,19-04-2018,5232
1947,20-04-2018,5242
1948,21-04-2018,3805
1949,23-04-2018,5299
1950,24-04-2018,5219
1951,25-04-2018,4798
1952,26-04-2018,5109
1953,27-04-2018,5219
1954,28-04-2018,3869
1955,30-04-2018,5230
1956,01-05-2018,4119
1957,02-05-2018,5161
1958,03-05-2018,5000
1959,04-05-2018,5130.5
1960,07-05-2018,5049
1961,08-05-2018,5086.5
1962,09-05-2018,5213
1963,10-05-2018,5131
1964,11-05-2018,5091
1965,14-05-2018,5099
1966,15-05-2018,4812
1967,16-05-2018,5086
1968,17-05-2018,5080
1969,18-05-2018,5058.5
1970,21-05-2018,5148
1971,22-05-2018,5202
1972,23-05-2018,5090
1973,24-05-2018,5280
1974,25-05-2018,4806
1975,28-05-2018,5100
1976,29-05-2018,4882.5
1977,30-05-2018,5236
1978,31-05-2018,5343
1979,01-06-2018,5329
1980,04-06-2018,5215.5
1981,05-06-2018,5624
1982,06-06-2018,5524
1983,07-06-2018,5586
1984,08-06-2018,5140.5
1985,11-06-2018,5420
1986,12-06-2018,5269
1987,13-06-2018,4667.5
1988,14-06-2018,5629.5
1989,15-06-2018,5586
1990,18-06-2018,5478
1991,19-06-2018,5469
1992,20-06-2018,5395
1993,21-06-2018,5460
1994,22-06-2018,5328
1995,25-06-2018,5278
1996,26-06-2018,5361
1997,27-06-2018,5300
1998,28-06-2018,5451
1999,29-06-2018,5423
2000,02-07-2018,5055.5
2001,03-07-2018,5276
2002,04-07-2018,5267.5
2003,05-07-2018,5442.5
2004,06-07-2018,5422
2005,09-07-2018,5316
2006,10-07-2018,5374
2007,11-07-2018,5319
2008,12-07-2018,5530
2009,13-07-2018,5469.5
2010,16-07-2018,5290
2011,17-07-2018,5372.5
2012,18-07-2018,5462
2013,19-07-2018,5202.5
2014,20-07-2018,5655.5
2015,23-07-2018,5778.5
2016,24-07-2018,5598
2017,25-07-2018,5556.5
2018,26-07-2018,5365
2019,27-07-2018,5569.5
2020,30-07-2018,5496.5
2021,31-07-2018,5590
2022,01-08-2018,5517.5
2023,02-08-2018,5999
2024,03-08-2018,5762
2025,06-08-2018,6100
2026,07-08-2018,6117.5
2027,09-08-2018,6131
2028,10-08-2018,6439
2029,13-08-2018,5875
2030,14-08-2018,5964.5
2031,16-08-2018,6944.5
2032,17-08-2018,5200
2033,19-08-2018,5200
2034,20-08-2018,6865
2035,21-08-2018,6825.5
2036,22-08-2018,4860.5
2037,23-08-2018,6709
2038,24-08-2018,6798.5
2039,26-08-2018,5200
2040,27-08-2018,6668
2041,28-08-2018,6000
2042,29-08-2018,5154.5
2043,30-08-2018,5897.5
2044,31-08-2018,6517.5
2045,01-09-2018,5200
2046,02-09-2018,5200
2047,03-09-2018,7011
2048,04-09-2018,6086
2049,05-09-2018,6595.5
2050,06-09-2018,6586
2051,07-09-2018,6503.5
2052,10-09-2018,6782.5
2053,11-09-2018,6520
2054,12-09-2018,6305
2055,14-09-2018,6643
2056,17-09-2018,6473.5
2057,18-09-2018,6864
2058,19-09-2018,6680
2059,20-09-2018,6997.5
2060,24-09-2018,6515
2061,25-09-2018,6558.5
2062,26-09-2018,6646.5
2063,27-09-2018,6698
2064,28-09-2018,6961
2065,01-10-2018,6108
2066,02-10-2018,4891
2067,03-10-2018,6586
2068,04-10-2018,6060
2069,05-10-2018,4350
2070,08-10-2018,6530.5
2071,09-10-2018,5100
2072,10-10-2018,6667.5
2073,11-10-2018,6623
2074,12-10-2018,7022
2075,13-10-2018,5000
2076,15-10-2018,6699
2077,16-10-2018,6461
2078,17-10-2018,6536
2079,20-10-2018,5050
2080,22-10-2018,6711
2081,23-10-2018,6705.5
2082,24-10-2018,6574.5
2083,25-10-2018,6511
2084,26-10-2018,6502.5
2085,27-10-2018,5125
2086,29-10-2018,6530.5
2087,30-10-2018,6079
2088,31-10-2018,6261
2089,01-11-2018,6089
2090,02-11-2018,6474
2091,03-11-2018,5200
2092,07-11-2018,5420
2093,08-11-2018,6323
2094,09-11-2018,6292.5
2095,10-11-2018,4400
2096,12-11-2018,6294
2097,13-11-2018,6002
2098,14-11-2018,6036
2099,15-11-2018,5886
2100,16-11-2018,6093
2101,17-11-2018,5000
2102,19-11-2018,6167.5
2103,20-11-2018,6049
2104,21-11-2018,4469
2105,22-11-2018,5481
2106,23-11-2018,5299.5
2107,24-11-2018,4950
2108,25-11-2018,4900
2109,26-11-2018,6087
2110,27-11-2018,5305
2111,28-11-2018,6043
2112,29-11-2018,6049.5
2113,30-11-2018,6223
2114,01-12-2018,4900
2115,02-12-2018,4900
2116,03-12-2018,6268
2117,04-12-2018,6083
2118,05-12-2018,5974.5
2119,06-12-2018,5933
2120,07-12-2018,5933
2121,08-12-2018,5000
2122,10-12-2018,6093.5
2123,11-12-2018,6120
2124,12-12-2018,5976
2125,13-12-2018,5848.5
2126,14-12-2018,5939.5
2127,15-12-2018,5100
2128,17-12-2018,6411
2129,18-12-2018,6363.5
2130,19-12-2018,6261
2131,20-12-2018,6421
2132,21-12-2018,6044.5
2133,22-12-2018,5000
2134,24-12-2018,6361
2135,25-12-2018,4500
2136,26-12-2018,6361
2137,27-12-2018,6375
2138,28-12-2018,6749
2139,31-12-2018,6417.5
2140,01-01-2019,4900
2141,02-01-2019,5805.5
2142,03-01-2019,6599
2143,04-01-2019,6299
2144,05-01-2019,5000
2145,07-01-2019,6586
2146,08-01-2019,6748
2147,09-01-2019,6403.5
2148,10-01-2019,6576
2149,11-01-2019,6474
2150,12-01-2019,5000
2151,14-01-2019,5000
2152,15-01-2019,5000
2153,18-01-2019,6319.5
2154,19-01-2019,5050
2155,21-01-2019,6680
2156,22-01-2019,6680
2157,23-01-2019,6813
2158,24-01-2019,6484.5
2159,25-01-2019,6736
2160,28-01-2019,6638
2161,29-01-2019,6011
2162,30-01-2019,6799
2163,31-01-2019,7105.5
2164,01-02-2019,6850
2165,02-02-2019,5000
2166,04-02-2019,6700
2167,05-02-2019,6374
2168,06-02-2019,6741
2169,07-02-2019,6773.5
2170,08-02-2019,6738
2171,09-02-2019,4825
2172,11-02-2019,6736.5
2173,12-02-2019,6865
2174,13-02-2019,6799
2175,14-02-2019,6762
2176,15-02-2019,6810.5
2177,16-02-2019,5040
2178,18-02-2019,6954.5
2179,19-02-2019,6474
2180,20-02-2019,6783
2181,21-02-2019,6925
2182,22-02-2019,6665
2183,23-02-2019,4250
2184,25-02-2019,7005.5
2185,26-02-2019,6711
2186,27-02-2019,6943
2187,28-02-2019,6825
2188,01-03-2019,6693
2189,02-03-2019,5000
2190,04-03-2019,6724
2191,05-03-2019,6586
2192,06-03-2019,6558.5
2193,07-03-2019,6634.5
2194,08-03-2019,6711
2195,09-03-2019,5130
2196,11-03-2019,6708.5
2197,12-03-2019,6438
2198,13-03-2019,6477.5
2199,14-03-2019,6401
2200,15-03-2019,6358
2201,16-03-2019,4950
2202,18-03-2019,6199
2203,19-03-2019,6161
2204,20-03-2019,6136
2205,21-03-2019,6230
2206,22-03-2019,6251
2207,23-03-2019,5000
2208,25-03-2019,6288
2209,26-03-2019,6264
2210,27-03-2019,6239.5
2211,28-03-2019,6426.5
2212,29-03-2019,6411
2213,30-03-2019,5000
2214,01-04-2019,6373
2215,02-04-2019,6424
2216,03-04-2019,6368
2217,04-04-2019,6408
2218,05-04-2019,6411
2219,06-04-2019,5055
2220,08-04-2019,6329.5
2221,09-04-2019,6470
2222,10-04-2019,6411
2223,11-04-2019,6548.5
2224,12-04-2019,6440
2225,15-04-2019,6481
2226,16-04-2019,6600
2227,17-04-2019,5340
2228,20-04-2019,5000
2229,22-04-2019,7012.5
2230,23-04-2019,6842
2231,24-04-2019,6923
2232,25-04-2019,7025
2233,26-04-2019,6831
2234,29-04-2019,6915.5
2235,30-04-2019,7047
2236,01-05-2019,5420
2237,02-05-2019,7118
2238,03-05-2019,7064
2239,04-05-2019,5000
2240,06-05-2019,7043.5
2241,07-05-2019,7111
2242,08-05-2019,7111
2243,09-05-2019,6937.5
2244,10-05-2019,7091.5
2245,11-05-2019,5000
2246,13-05-2019,7063
2247,14-05-2019,7190
2248,15-05-2019,7048.5
2249,16-05-2019,7178
2250,17-05-2019,6874
2251,18-05-2019,5000
2252,20-05-2019,7127
2253,21-05-2019,7211
2254,22-05-2019,7160
2255,23-05-2019,7100
2256,24-05-2019,7224
2257,25-05-2019,5200
2258,27-05-2019,7509
2259,28-05-2019,7411
2260,29-05-2019,7305
2261,30-05-2019,6941
2262,31-05-2019,7374.5
2263,01-06-2019,4200
2264,03-06-2019,7242.5
2265,04-06-2019,7076
2266,05-06-2019,5834.5
2267,06-06-2019,7378
2268,07-06-2019,7531.5
2269,10-06-2019,7600.5
2270,11-06-2019,7350
2271,12-06-2019,7328
2272,13-06-2019,7079.5
2273,14-06-2019,7564
2274,15-06-2019,5300
2275,17-06-2019,7486.5
2276,18-06-2019,7364.5
2277,19-06-2019,7568.5
2278,20-06-2019,7586
2279,21-06-2019,7717
2280,22-06-2019,5300
2281,24-06-2019,7975
2282,25-06-2019,8211
2283,26-06-2019,8020
2284,27-06-2019,8191
2285,28-06-2019,8444
2286,01-07-2019,8361
2287,02-07-2019,8305.5
2288,03-07-2019,8336
2289,04-07-2019,8449.5
2290,05-07-2019,8567.5
2291,08-07-2019,8077.5
2292,09-07-2019,8915.5
2293,10-07-2019,8638.5
2294,11-07-2019,8553
2295,12-07-2019,8480
2296,15-07-2019,8649
2297,16-07-2019,8831
2298,17-07-2019,8463
2299,18-07-2019,8499
2300,19-07-2019,8746
2301,20-07-2019,5500
2302,22-07-2019,8681
2303,23-07-2019,8110
2304,24-07-2019,8036
2305,25-07-2019,8572
2306,26-07-2019,8305
2307,27-07-2019,5550
2308,29-07-2019,8681
2309,30-07-2019,8818
2310,31-07-2019,8323
2311,01-08-2019,8374
2312,02-08-2019,8602.5
2313,03-08-2019,5500
2314,05-08-2019,9023
2315,06-08-2019,8437
2316,07-08-2019,8774
2317,08-08-2019,8361.5
2318,09-08-2019,8224
2319,10-08-2019,5600
2320,13-08-2019,8026
2321,14-08-2019,8676
2322,16-08-2019,8402
2323,17-08-2019,5600
2324,19-08-2019,8888.5
2325,20-08-2019,8678
2326,21-08-2019,8805
2327,22-08-2019,8374
2328,24-08-2019,5750
2329,26-08-2019,8369
2330,27-08-2019,8817.5
2331,28-08-2019,8863
2332,29-08-2019,8739
2333,30-08-2019,8786.5
2334,31-08-2019,5750
2335,03-09-2019,8361
2336,04-09-2019,8643.5
2337,05-09-2019,8007
2338,06-09-2019,8355
2339,07-09-2019,5750
2340,09-09-2019,8936
2341,10-09-2019,8617
2342,11-09-2019,6082
2343,12-09-2019,8516
2344,13-09-2019,9012
2345,16-09-2019,8716
2346,17-09-2019,8911.5
2347,18-09-2019,8767.5
2348,19-09-2019,8863
2349,20-09-2019,8829.5
2350,23-09-2019,8987
2351,24-09-2019,8700
2352,25-09-2019,8843
2353,26-09-2019,9143
2354,27-09-2019,8638
2355,30-09-2019,8396.5
2356,01-10-2019,7937.5
2357,02-10-2019,6500
2358,03-10-2019,8091
2359,04-10-2019,7804
2360,05-10-2019,5750
2361,08-10-2019,5939
2362,09-10-2019,7812
2363,10-10-2019,7934.5
2364,11-10-2019,8171
2365,12-10-2019,5900
2366,14-10-2019,8494
2367,15-10-2019,8907.5
2368,16-10-2019,8438
2369,17-10-2019,7870
2370,18-10-2019,8679
2371,19-10-2019,6000
2372,21-10-2019,7853
2373,22-10-2019,8158.5
2374,23-10-2019,7776.5
2375,24-10-2019,7355
2376,25-10-2019,7227.5
2377,26-10-2019,5750
2378,27-10-2019,5700
2379,29-10-2019,7125
2380,30-10-2019,6589.5
2381,31-10-2019,6509
2382,01-11-2019,6880
2383,02-11-2019,5750
2384,04-11-2019,6448.5
2385,05-11-2019,6488
2386,06-11-2019,6549
2387,07-11-2019,6365
2388,08-11-2019,6212
2389,09-11-2019,5959
2390,11-11-2019,6356
2391,12-11-2019,6554.5
2392,13-11-2019,6435.5
2393,14-11-2019,6651.5
2394,15-11-2019,6486
2395,18-11-2019,6496
2396,19-11-2019,6381.5
2397,20-11-2019,6374.5
2398,21-11-2019,6402.5
2399,22-11-2019,6546
2400,23-11-2019,5600
2401,25-11-2019,6517
2402,26-11-2019,6421
2403,27-11-2019,6536
2404,28-11-2019,6569
2405,29-11-2019,6581.5
2406,30-11-2019,5225
2407,02-12-2019,6686
2408,03-12-2019,6552
2409,04-12-2019,6458.5
2410,05-12-2019,6331
2411,06-12-2019,6523.5
2412,07-12-2019,5650
2413,09-12-2019,6451
2414,10-12-2019,6315
2415,11-12-2019,6520
2416,12-12-2019,6590
2417,13-12-2019,6638
2418,14-12-2019,5700
2419,16-12-2019,6749.5
2420,17-12-2019,6411
2421,18-12-2019,6663
2422,19-12-2019,6318
2423,20-12-2019,6852
2424,21-12-2019,5400
2425,23-12-2019,6442
2426,24-12-2019,6380
2427,26-12-2019,6424.5
2428,27-12-2019,6448
2429,28-12-2019,5000
2430,30-12-2019,6428.5
2431,31-12-2019,6466.5
2432,02-01-2020,5375
2433,03-01-2020,5475
2434,04-01-2020,5450
2435,06-01-2020,5450
2436,07-01-2020,5450
2437,08-01-2020,6699
2438,09-01-2020,6248
2439,10-01-2020,6148.5
2440,11-01-2020,6045
2441,13-01-2020,6236
2442,14-01-2020,5350
2443,17-01-2020,5000
2444,20-01-2020,6205.5
2445,21-01-2020,6361
2446,22-01-2020,6558.5
2447,23-01-2020,6353
2448,24-01-2020,6233
2449,25-01-2020,6232
2450,26-01-2020,4896
2451,27-01-2020,6299
2452,28-01-2020,6300.5
2453,29-01-2020,5814
2454,30-01-2020,5738
2455,31-01-2020,6252
2456,01-02-2020,5360
2457,03-02-2020,5350
2458,04-02-2020,5350
2459,05-02-2020,5350
2460,07-02-2020,5375
2461,08-02-2020,5360
2462,10-02-2020,5625.5
2463,11-02-2020,6253.5
2464,12-02-2020,6370
2465,13-02-2020,6450
2466,14-02-2020,6578
2467,15-02-2020,5350
2468,17-02-2020,6875
2469,18-02-2020,6512
2470,19-02-2020,6861.5
2471,20-02-2020,6891.5
2472,21-02-2020,6936
2473,22-02-2020,5340
2474,24-02-2020,6756
2475,25-02-2020,6986
2476,26-02-2020,6673.5
2477,27-02-2020,7061
2478,28-02-2020,6861
2479,29-02-2020,4945
2480,02-03-2020,5350
2481,03-03-2020,5602.5
2482,04-03-2020,5664.5
2483,05-03-2020,3425
2484,06-03-2020,8250
2485,07-03-2020,5350
2486,09-03-2020,8136
2487,10-03-2020,7887
2488,11-03-2020,7585
2489,12-03-2020,7850
2490,13-03-2020,8111
2491,14-03-2020,5500
2492,16-03-2020,7820
2493,17-03-2020,7599
2494,18-03-2020,7790
2495,19-03-2020,7613
2496,20-03-2020,7612
2497,21-03-2020,5500
2498,23-03-2020,7528
2499,24-03-2020,6635
2500,26-03-2020,5350
2501,31-03-2020,3900
2502,01-04-2020,8125
2503,02-04-2020,7700
2504,03-04-2020,7244.5
2505,04-04-2020,5500
2506,06-04-2020,5500
2507,07-04-2020,6812.5
2508,08-04-2020,7075
2509,09-04-2020,7300
2510,13-04-2020,5500
2511,15-04-2020,8131.5
2512,16-04-2020,8358.5
2513,17-04-2020,8518.5
2514,18-04-2020,5700
2515,20-04-2020,8125
2516,21-04-2020,8215
2517,22-04-2020,8086
2518,23-04-2020,8000
2519,24-04-2020,8155
2520,25-04-2020,6100
2521,27-04-2020,8136
2522,28-04-2020,7993
2523,29-04-2020,7875
2524,30-04-2020,7943
2525,04-05-2020,7661
2526,05-05-2020,7500
2527,06-05-2020,7675
2528,07-05-2020,7608
2529,08-05-2020,7667
2530,09-05-2020,6898.5
2531,11-05-2020,8010.5
2532,12-05-2020,7798.5
2533,13-05-2020,7542.5
2534,14-05-2020,7803
2535,15-05-2020,7854.5
2536,16-05-2020,5800
2537,18-05-2020,7903
2538,19-05-2020,7364
2539,20-05-2020,7990
2540,21-05-2020,8066.5
2541,22-05-2020,8048
2542,23-05-2020,8301
2543,26-05-2020,8087
2544,27-05-2020,8106.5
2545,28-05-2020,7680
2546,29-05-2020,7961.5
2547,30-05-2020,7087.5
2548,01-06-2020,6241
2549,02-06-2020,7718
2550,03-06-2020,6256
2551,04-06-2020,7314
2552,05-06-2020,7757.5
2553,06-06-2020,5500
2554,08-06-2020,7812.5
2555,09-06-2020,7963
2556,10-06-2020,8024
2557,11-06-2020,7739.5
2558,12-06-2020,7645
2559,15-06-2020,7835
2560,16-06-2020,7861
2561,17-06-2020,7827.5
2562,18-06-2020,7868
2563,19-06-2020,7897
2564,20-06-2020,6749.5
2565,22-06-2020,7887.5
2566,23-06-2020,7960.5
2567,24-06-2020,7947
2568,25-06-2020,7509.5
2569,26-06-2020,7594.5
2570,27-06-2020,5750
2571,29-06-2020,7757.5
2572,30-06-2020,7938
2573,01-07-2020,5860
2574,02-07-2020,8880.5
2575,03-07-2020,7462.5
2576,04-07-2020,5700
2577,06-07-2020,8061.5
2578,07-07-2020,8068.5
2579,08-07-2020,7387
2580,09-07-2020,7850
2581,10-07-2020,7940
2582,13-07-2020,8138
2583,14-07-2020,8121
2584,15-07-2020,7700
2585,16-07-2020,7744
2586,17-07-2020,8010
2587,18-07-2020,5700
2588,20-07-2020,8100
2589,21-07-2020,7380
2590,22-07-2020,7917
2591,23-07-2020,8110
2592,24-07-2020,8173.5
2593,27-07-2020,7940
2594,28-07-2020,8118
2595,29-07-2020,8223
2596,30-07-2020,8088
2597,31-07-2020,7945
2598,01-08-2020,5700
2599,03-08-2020,8007
2600,04-08-2020,8125
2601,05-08-2020,7905.5
2602,06-08-2020,7819
2603,07-08-2020,7952
2604,08-08-2020,5700
2605,10-08-2020,8031.5
2606,12-08-2020,7662.5
2607,13-08-2020,7868
2608,14-08-2020,7576.5
2609,17-08-2020,7702.5
2610,18-08-2020,7674
2611,19-08-2020,7520
2612,20-08-2020,7549
2613,21-08-2020,7742
2614,24-08-2020,7815
2615,25-08-2020,7388.5
2616,26-08-2020,7261
2617,27-08-2020,7377.5
2618,28-08-2020,6746
2619,29-08-2020,5304.5
2620,31-08-2020,7302.5
2621,01-09-2020,5374
2622,02-09-2020,6586.5
2623,03-09-2020,7088
2624,04-09-2020,6919
2625,05-09-2020,5550
2626,07-09-2020,6682.5
2627,08-09-2020,6844
2628,09-09-2020,6649.5
2629,10-09-2020,6853
2630,11-09-2020,6682
2631,12-09-2020,4629
2632,13-09-2020,5300
2633,14-09-2020,6825
2634,15-09-2020,5760
2635,16-09-2020,6753
2636,17-09-2020,6982
2637,18-09-2020,7155
2638,19-09-2020,5300
2639,21-09-2020,7207
2640,22-09-2020,7236
2641,23-09-2020,7006
2642,24-09-2020,6791
2643,25-09-2020,6920
2644,28-09-2020,7074
2645,29-09-2020,6751
2646,30-09-2020,6566
2647,01-10-2020,6800
2648,03-10-2020,5050
2649,05-10-2020,8700
2650,06-10-2020,6654
2651,07-10-2020,6653
2652,08-10-2020,6815.5
2653,09-10-2020,6786
2654,10-10-2020,4859.5
2655,12-10-2020,6518
2656,13-10-2020,6537
2657,14-10-2020,6648
2658,15-10-2020,6776
2659,16-10-2020,6813
2660,17-10-2020,5100
2661,19-10-2020,6861
2662,20-10-2020,6888
2663,21-10-2020,6965
2664,22-10-2020,6851
2665,23-10-2020,7003
2666,24-10-2020,3925
2667,27-10-2020,6758
2668,28-10-2020,6924
2669,29-10-2020,6921.5
2670,31-10-2020,5159.5
2671,02-11-2020,6954
2672,03-11-2020,6799
2673,04-11-2020,6761
2674,05-11-2020,6497.5
2675,06-11-2020,6793.5
2676,07-11-2020,5200
2677,09-11-2020,6729
2678,10-11-2020,6605.5
2679,11-11-2020,6734
2680,12-11-2020,6640
2681,13-11-2020,6620
2682,14-11-2020,5000
2683,16-11-2020,6614.5
2684,17-11-2020,6627
2685,18-11-2020,6866
2686,19-11-2020,6961
2687,20-11-2020,6834
2688,21-11-2020,3900
2689,22-11-2020,4950
2690,23-11-2020,7040
2691,24-11-2020,6878.5
2692,25-11-2020,4900
2693,26-11-2020,8200
2694,27-11-2020,6840
2695,28-11-2020,6050
2696,30-11-2020,7142
2697,01-12-2020,7300
2698,02-12-2020,6854.5
2699,03-12-2020,6242
2700,04-12-2020,7112
2701,07-12-2020,7067
2702,08-12-2020,7313
2703,09-12-2020,7343
2704,10-12-2020,6828
2705,11-12-2020,7358.5
2706,12-12-2020,5300
2707,14-12-2020,7416
2708,15-12-2020,7242.5
2709,16-12-2020,7611
2710,17-12-2020,7585
2711,18-12-2020,7705.5
2712,21-12-2020,7541
2713,22-12-2020,7649.5
2714,23-12-2020,7232
2715,24-12-2020,7589.5
2716,25-12-2020,5500
2717,26-12-2020,5700
2718,28-12-2020,7677
2719,29-12-2020,7727.5
2720,30-12-2020,7544.5
2721,31-12-2020,7643
2722,03-01-2021,5500
2723,04-01-2021,6500
2724,05-01-2021,7904
2725,06-01-2021,7680
2726,07-01-2021,7936.5
2727,08-01-2021,7895
2728,09-01-2021,5600
2729,11-01-2021,7619.5
2730,12-01-2021,7936
2731,13-01-2021,7873
2732,18-01-2021,7576.5
2733,19-01-2021,7838.5
2734,20-01-2021,7843
2735,21-01-2021,7965
2736,22-01-2021,7886
2737,25-01-2021,8298
2738,27-01-2021,8152.5
2739,29-01-2021,8271
2740,30-01-2021,5750
2741,01-02-2021,6200
2742,02-02-2021,8136
2743,03-02-2021,8187.5
2744,04-02-2021,8224
2745,05-02-2021,8499
2746,06-02-2021,6300
2747,08-02-2021,8336
2748,09-02-2021,8224.5
2749,10-02-2021,8495
2750,11-02-2021,8527
2751,12-02-2021,8568
2752,15-02-2021,8750
2753,16-02-2021,8750
2754,17-02-2021,8574.5
2755,18-02-2021,8187
2756,19-02-2021,8573
2757,20-02-2021,7575
2758,22-02-2021,8390
2759,23-02-2021,8647
2760,24-02-2021,8758
2761,25-02-2021,8748
2762,26-02-2021,8850
2763,27-02-2021,8900
2764,01-03-2021,8420
2765,02-03-2021,8816
2766,03-03-2021,8774
2767,04-03-2021,8674
2768,05-03-2021,9086
2769,06-03-2021,6500
2770,08-03-2021,8903.5
2771,09-03-2021,9086
2772,10-03-2021,9060
2773,11-03-2021,9219.5
2774,12-03-2021,9244
2775,15-03-2021,9250
2776,16-03-2021,9213
2777,17-03-2021,9298
2778,18-03-2021,9275.5
2779,19-03-2021,9412
2780,20-03-2021,6500
2781,22-03-2021,9290.5
2782,23-03-2021,9342
2783,24-03-2021,9385
2784,25-03-2021,9199
2785,26-03-2021,9088
2786,27-03-2021,6400
2787,29-03-2021,8884
2788,30-03-2021,9111
2789,31-03-2021,8804
2790,01-04-2021,10500
2791,05-04-2021,10000
2792,07-04-2021,6820
2793,08-04-2021,8250
2794,09-04-2021,8125
2795,10-04-2021,6250
2796,12-04-2021,8483
2797,14-04-2021,6550
2798,15-04-2021,8263.5
2799,16-04-2021,8348
2800,17-04-2021,8950
2801,19-04-2021,8516
2802,20-04-2021,8424.5
2803,21-04-2021,8390
2804,22-04-2021,8455.5
2805,23-04-2021,8495.5
2806,24-04-2021,8950
2807,26-04-2021,8561
2808,27-04-2021,8380
2809,28-04-2021,8175
2810,29-04-2021,8440
2811,30-04-2021,8500
2812,03-05-2021,8516.5
2813,04-05-2021,8518
2814,05-05-2021,8637
2815,06-05-2021,8525
2816,07-05-2021,8480.5
2817,10-05-2021,8855.5
2818,11-05-2021,8648.5
2819,12-05-2021,8987
2820,13-05-2021,8625
2821,15-05-2021,9050
2822,17-05-2021,8799
2823,18-05-2021,8845
2824,19-05-2021,9141
2825,20-05-2021,8513
2826,21-05-2021,8831.5
2827,24-05-2021,8820
2828,25-05-2021,8775
2829,26-05-2021,8296
2830,27-05-2021,8615
2831,28-05-2021,8669
2832,31-05-2021,8406
2833,02-06-2021,9388
2834,03-06-2021,8260
2835,04-06-2021,8767
2836,05-06-2021,9300
2837,07-06-2021,8500
2838,08-06-2021,8587
2839,09-06-2021,8624
2840,10-06-2021,8682
2841,11-06-2021,8613
2842,14-06-2021,8808
2843,15-06-2021,8352.5
2844,16-06-2021,8427
2845,17-06-2021,8459.5
2846,18-06-2021,8640
2847,21-06-2021,8502
2848,22-06-2021,8224
2849,23-06-2021,8229.5
2850,24-06-2021,8586
2851,25-06-2021,8555
2852,26-06-2021,7625
2853,27-06-2021,6000
2854,28-06-2021,8170
2855,29-06-2021,8163.5
2856,30-06-2021,8302.5
2857,01-07-2021,8000
2858,02-07-2021,7500
2859,05-07-2021,6985
2860,06-07-2021,6310
2861,07-07-2021,8234.5
2862,08-07-2021,8286
2863,09-07-2021,8235.5
2864,10-07-2021,9350
2865,12-07-2021,8260
2866,13-07-2021,7965
2867,14-07-2021,7925
2868,15-07-2021,8062
2869,16-07-2021,8206
2870,19-07-2021,7940
2871,20-07-2021,7799
2872,21-07-2021,6230
2873,22-07-2021,7931
2874,23-07-2021,8195.5
2875,26-07-2021,8100
2876,27-07-2021,7968
2877,28-07-2021,8538
2878,29-07-2021,8397
2879,30-07-2021,8408.5
2880,02-08-2021,8800
2881,03-08-2021,8587.5
2882,04-08-2021,8389.5
2883,05-08-2021,8663
2884,06-08-2021,8560
2885,07-08-2021,6500
2886,09-08-2021,8159
2887,10-08-2021,8439.5
2888,11-08-2021,8486
2889,12-08-2021,8487
2890,13-08-2021,8299
2891,14-08-2021,5200
2892,16-08-2021,8299
2893,17-08-2021,8414
2894,18-08-2021,8375
2895,19-08-2021,8847
2896,21-08-2021,9200
2897,23-08-2021,8503.5
2898,24-08-2021,8600
2899,25-08-2021,8662
2900,26-08-2021,8766
2901,27-08-2021,9037
2902,28-08-2021,5800
2903,31-08-2021,8720
2904,01-09-2021,8612
2905,02-09-2021,8750.5
2906,03-09-2021,8830.5
2907,06-09-2021,8727
2908,07-09-2021,8326
2909,08-09-2021,8858
2910,09-09-2021,9178
2911,13-09-2021,8900
2912,14-09-2021,9024
2913,15-09-2021,8966
2914,16-09-2021,8912.5
2915,17-09-2021,8743
2916,18-09-2021,6350
2917,20-09-2021,9157.5
2918,21-09-2021,8998.5
2919,22-09-2021,9168.5
2920,23-09-2021,9193.5
2921,24-09-2021,9284.5
2922,25-09-2021,9400
2923,27-09-2021,9100
2924,28-09-2021,9102
2925,29-09-2021,8869
2926,30-09-2021,8882
2927,01-10-2021,9390
2928,02-10-2021,6000
2929,04-10-2021,8825
2930,05-10-2021,8870
2931,06-10-2021,7333
2932,07-10-2021,8533
2933,08-10-2021,8498
2934,09-10-2021,6100
2935,11-10-2021,8857.5
2936,12-10-2021,8636
2937,13-10-2021,8798.5
2938,14-10-2021,6000
2939,15-10-2021,6000
2940,16-10-2021,6200
2941,18-10-2021,8704.5
2942,19-10-2021,6460
2943,20-10-2021,8829.5
2944,21-10-2021,8625
2945,22-10-2021,8735
2946,23-10-2021,7700
2947,25-10-2021,9038
2948,26-10-2021,8899
2949,27-10-2021,8497.5
2950,28-10-2021,8661
2951,29-10-2021,8540.5
2952,30-10-2021,6150
2953,01-11-2021,9093
2954,02-11-2021,8364
2955,03-11-2021,7793
2956,08-11-2021,8119.5
2957,09-11-2021,8366.5
2958,10-11-2021,8232.5
2959,11-11-2021,8056
2960,12-11-2021,8016.5
2961,15-11-2021,8318
2962,16-11-2021,8361
2963,17-11-2021,8249
2964,18-11-2021,8584
2965,19-11-2021,5950
2966,22-11-2021,8392
2967,23-11-2021,8536
2968,24-11-2021,9211
2969,25-11-2021,8915.5
2970,26-11-2021,8934
2971,27-11-2021,5975
2972,29-11-2021,8516
2973,30-11-2021,8087
2974,01-12-2021,8452
2975,02-12-2021,8938
2976,03-12-2021,8333
2977,06-12-2021,8348
2978,07-12-2021,8686
2979,08-12-2021,9166
2980,09-12-2021,8812.5
2981,10-12-2021,9313
2982,11-12-2021,9100
2983,13-12-2021,9088
2984,14-12-2021,9675
2985,15-12-2021,9129.5
2986,16-12-2021,8780
2987,17-12-2021,8852
2988,20-12-2021,9205.5
2989,21-12-2021,8879.5
2990,22-12-2021,8850
2991,23-12-2021,8731
2992,24-12-2021,8840
2993,27-12-2021,9124
2994,28-12-2021,9286
2995,29-12-2021,9220
2996,30-12-2021,9200
2997,31-12-2021,9567
2998,03-01-2022,9286.5
2999,04-01-2022,8699
3000,05-01-2022,9236.5
3001,06-01-2022,8982
3002,07-01-2022,9100
3003,10-01-2022,9180.5
3004,11-01-2022,9055
3005,12-01-2022,9150
3006,13-01-2022,8841
3007,19-01-2022,9005.5
3008,20-01-2022,9128
3009,21-01-2022,9094.5
3010,22-01-2022,9000
3011,24-01-2022,9258
3012,25-01-2022,9370
3013,26-01-2022,6900
3014,27-01-2022,8952
3015,28-01-2022,9289
3016,29-01-2022,7000
3017,31-01-2022,9180
3018,01-02-2022,9175
3019,02-02-2022,9179.5
3020,03-02-2022,9050
3021,04-02-2022,9511
3022,05-02-2022,9836
3023,07-02-2022,9423
3024,08-02-2022,9461.5
3025,09-02-2022,9336
3026,10-02-2022,8900
3027,11-02-2022,8935.5
3028,14-02-2022,8807.5
3029,15-02-2022,9450
3030,16-02-2022,9030.5
3031,17-02-2022,8400
3032,18-02-2022,9277
3033,19-02-2022,6255
3034,21-02-2022,6550
3035,22-02-2022,8348
3036,23-02-2022,9175
3037,24-02-2022,9250
3038,25-02-2022,8799
3039,26-02-2022,7584.5
3040,28-02-2022,9150
3041,01-03-2022,9414
3042,02-03-2022,9105.5
3043,03-03-2022,8923
3044,04-03-2022,9524.5
3045,05-03-2022,9200
3046,07-03-2022,9306
3047,08-03-2022,9262.5
3048,09-03-2022,9150
3049,10-03-2022,9200
3050,11-03-2022,9261
3051,12-03-2022,9150
3052,14-03-2022,9619.5
3053,15-03-2022,9625
3054,16-03-2022,9648
3055,17-03-2022,9499
3056,18-03-2022,9362
3057,19-03-2022,9300
3058,21-03-2022,9050
3059,22-03-2022,8620
3060,23-03-2022,8930
3061,24-03-2022,8933.5
3062,25-03-2022,9083
3063,28-03-2022,9044
3064,29-03-2022,8961
3065,30-03-2022,8787
3066,31-03-2022,8749.5
3067,01-04-2022,8622
3068,04-04-2022,8553
3069,05-04-2022,8583
3070,06-04-2022,8514.5
3071,07-04-2022,8705
3072,08-04-2022,8724
3073,11-04-2022,8711
3074,12-04-2022,8636
3075,13-04-2022,8374
3076,18-04-2022,8730.5
3077,19-04-2022,8880
3078,20-04-2022,8592
3079,21-04-2022,8740
3080,22-04-2022,8882
3081,23-04-2022,9200
3082,25-04-2022,8645
3083,26-04-2022,8824
3084,27-04-2022,8508
3085,28-04-2022,8595
3086,29-04-2022,8742
3087,30-04-2022,9000
3088,02-05-2022,7998
3089,03-05-2022,6461
3090,04-05-2022,8696.5
3091,05-05-2022,8900
3092,06-05-2022,8868
3093,07-05-2022,8894
3094,09-05-2022,8581.5
3095,10-05-2022,8502
3096,11-05-2022,8926.5
3097,12-05-2022,8774
3098,13-05-2022,8938
3099,14-05-2022,6505
3100,16-05-2022,8572
3101,17-05-2022,8482.5
3102,18-05-2022,8588.5
3103,19-05-2022,8723.5
3104,20-05-2022,8536
3105,21-05-2022,6000
3106,23-05-2022,8736
3107,24-05-2022,8581
3108,25-05-2022,8925
3109,26-05-2022,8801
3110,27-05-2022,8880.5
3111,28-05-2022,9175
3112,30-05-2022,8780
3113,31-05-2022,8974.5
3114,01-06-2022,8931
3115,02-06-2022,9000
3116,03-06-2022,8931
3117,04-06-2022,6200
3118,06-06-2022,8817
3119,07-06-2022,8902
3120,08-06-2022,8800.5
3121,09-06-2022,8867.5
3122,10-06-2022,9080
3123,11-06-2022,9100
3124,13-06-2022,8882.5
3125,14-06-2022,9016
3126,15-06-2022,8812.5
3127,16-06-2022,8905.5
3128,17-06-2022,8738
3129,18-06-2022,9115
3130,20-06-2022,8912.5
3131,21-06-2022,8769.5
3132,22-06-2022,8516
3133,23-06-2022,8624
3134,24-06-2022,8594.5
3135,27-06-2022,8924
3136,28-06-2022,8735
3137,29-06-2022,9029.5
3138,30-06-2022,8634.5
3139,01-07-2022,8657
3140,02-07-2022,9115
3141,04-07-2022,8761
3142,05-07-2022,8951
3143,06-07-2022,8762.5
3144,07-07-2022,8072
3145,08-07-2022,8616
3146,10-07-2022,11000
3147,11-07-2022,8973.5
3148,12-07-2022,8962
3149,13-07-2022,9000
3150,14-07-2022,9165
3151,15-07-2022,9100
3152,16-07-2022,7050
3153,18-07-2022,8945
3154,19-07-2022,8886
3155,20-07-2022,8942.5
3156,21-07-2022,9000
3157,22-07-2022,8998
3158,23-07-2022,7790
3159,25-07-2022,8972.5
3160,26-07-2022,9000
3161,27-07-2022,9120
3162,28-07-2022,9034
3163,29-07-2022,9050
3164,30-07-2022,9130
3165,01-08-2022,9032
3166,02-08-2022,9049
3167,03-08-2022,9022
3168,04-08-2022,8962
3169,05-08-2022,9130
3170,06-08-2022,7040
3171,08-08-2022,9155
3172,09-08-2022,6640
3173,10-08-2022,8920.5
3174,11-08-2022,8961
3175,12-08-2022,9199
3176,13-08-2022,9257
3177,16-08-2022,9040
3178,17-08-2022,9135
3179,18-08-2022,8963
3180,19-08-2022,6500
3181,20-08-2022,9062
3182,22-08-2022,9000
3183,23-08-2022,9108
3184,24-08-2022,8168
3185,25-08-2022,8394
3186,26-08-2022,9140.5
3187,27-08-2022,9170
3188,29-08-2022,9100
3189,30-08-2022,9139
3190,01-09-2022,7296
3191,02-09-2022,9141
3192,03-09-2022,9241
3193,05-09-2022,9124
3194,06-09-2022,9041
3195,07-09-2022,8991
3196,08-09-2022,9027.5
3197,09-09-2022,9076
3198,10-09-2022,9140
3199,11-09-2022,5950
3200,12-09-2022,8900
3201,13-09-2022,8980.5
3202,14-09-2022,8975
3203,15-09-2022,9078
3204,16-09-2022,9070
3205,19-09-2022,9141.5
3206,20-09-2022,8850
3207,21-09-2022,9143
3208,22-09-2022,9107.5
3209,23-09-2022,8837
3210,25-09-2022,5900
3211,26-09-2022,9135.5
3212,27-09-2022,9125
3213,28-09-2022,9047.5
3214,29-09-2022,9124
3215,30-09-2022,9049.5
3216,03-10-2022,9070
3217,06-10-2022,9236
3218,07-10-2022,9117.5
3219,10-10-2022,9006
3220,11-10-2022,9155.5
3221,12-10-2022,9340
3222,13-10-2022,9230
3223,14-10-2022,8951.5
3224,15-10-2022,9300
3225,17-10-2022,8712
3226,18-10-2022,9063
3227,19-10-2022,9119.5
3228,20-10-2022,9102
3229,21-10-2022,9000
3230,25-10-2022,8912.5
3231,26-10-2022,9074
3232,27-10-2022,9019.5
3233,28-10-2022,8680.5
3234,29-10-2022,8800
3235,31-10-2022,9100
3236,01-11-2022,9249.5
3237,02-11-2022,8437.5
3238,03-11-2022,9045.5
3239,04-11-2022,9300
3240,07-11-2022,9241.5
3241,08-11-2022,9299
3242,09-11-2022,9463
3243,10-11-2022,9114
3244,11-11-2022,7511
3245,14-11-2022,9046
3246,15-11-2022,9486
3247,16-11-2022,9250
3248,17-11-2022,7559
3249,18-11-2022,8296
3250,19-11-2022,6760
3251,21-11-2022,9283.5
3252,22-11-2022,8249.5
3253,23-11-2022,9371.5
3254,24-11-2022,9370
3255,25-11-2022,9112
3256,28-11-2022,9859
3257,29-11-2022,9550
3258,30-11-2022,9865
3259,01-12-2022,8127.5
3260,02-12-2022,9487.5
3261,05-12-2022,9638
3262,06-12-2022,9200
3263,07-12-2022,9174
3264,08-12-2022,8745
3265,09-12-2022,9505.5
3266,12-12-2022,9709
3267,13-12-2022,9643
3268,14-12-2022,9180.5
3269,15-12-2022,8824
3270,16-12-2022,9593
3271,17-12-2022,9650
3272,19-12-2022,9524
3273,20-12-2022,9250
3274,21-12-2022,9750
3275,22-12-2022,9636
3276,23-12-2022,9350
3277,24-12-2022,10117
3278,26-12-2022,9333
3279,27-12-2022,9532
3280,28-12-2022,9377
3281,29-12-2022,9113
3282,30-12-2022,9900
3283,31-12-2022,6345
3284,02-01-2023,9421
3285,03-01-2023,9203.5
3286,04-01-2023,9262
3287,05-01-2023,8624
3288,06-01-2023,8320
3289,07-01-2023,10218.5
3290,09-01-2023,9379
3291,10-01-2023,9584.5
3292,11-01-2023,9727
3293,12-01-2023,9950
3294,13-01-2023,8630.5
3295,18-01-2023,7550
3296,19-01-2023,7550
3297,20-01-2023,5940
3298,21-01-2023,7921.5
3299,23-01-2023,7600
3300,24-01-2023,8425
3301,25-01-2023,8550
3302,27-01-2023,7800
3303,28-01-2023,5835
3304,30-01-2023,7900
3305,31-01-2023,8045
3306,01-02-2023,9250
3307,02-02-2023,8568
3308,03-02-2023,7514
3309,04-02-2023,9858
3310,06-02-2023,7200
3311,07-02-2023,7191.5
3312,08-02-2023,9875
3313,09-02-2023,7415
3314,10-02-2023,9858
3315,11-02-2023,6800
3316,13-02-2023,7874
3317,14-02-2023,7500
3318,15-02-2023,10416
3319,16-02-2023,7319
3320,17-02-2023,6900
3321,18-02-2023,6470
3322,20-02-2023,10523
3323,21-02-2023,7250
3324,22-02-2023,7225
3325,23-02-2023,7830
3326,24-02-2023,7175
3327,25-02-2023,7107
3328,27-02-2023,7600
3329,28-02-2023,8103
3330,01-03-2023,7300
3331,02-03-2023,7984.5
3332,03-03-2023,8900.5
3333,04-03-2023,7667
3334,06-03-2023,9573
3335,07-03-2023,9765
3336,08-03-2023,9531.5
3337,09-03-2023,9732.5
3338,10-03-2023,8927
3339,11-03-2023,7400
3340,13-03-2023,9601
3341,14-03-2023,9563.5
3342,15-03-2023,9824
3343,16-03-2023,7730
3344,17-03-2023,9836
3345,20-03-2023,9676
3346,21-03-2023,9465.5
3347,23-03-2023,9439
3348,24-03-2023,8847.5
3349,25-03-2023,7170
3350,27-03-2023,9831
3351,28-03-2023,9955
3352,29-03-2023,9652.5
3353,30-03-2023,9545.5
3354,31-03-2023,9886
3355,01-04-2023,6810
3356,03-04-2023,10289
3357,04-04-2023,7737.5
3358,05-04-2023,10086
3359,06-04-2023,9734.5
3360,09-04-2023,9545
3361,10-04-2023,9998
3362,11-04-2023,9710.5
3363,12-04-2023,9988
3364,13-04-2023,9811
3365,14-04-2023,9666
3366,17-04-2023,9605
3367,18-04-2023,9403
3368,19-04-2023,9415.5
3369,20-04-2023,9718.5
3370,21-04-2023,9474
3371,22-04-2023,8122
3372,24-04-2023,9486
3373,25-04-2023,8368
3374,26-04-2023,9413
3375,27-04-2023,8383
3376,28-04-2023,9574.5
3377,29-04-2023,6859
3378,02-05-2023,9336
3379,03-05-2023,9186
3380,04-05-2023,9356
3381,05-05-2023,9899
3382,06-05-2023,6500
3383,08-05-2023,9363.5
3384,09-05-2023,9386
3385,10-05-2023,9275
3386,11-05-2023,9056
3387,12-05-2023,9093.5
3388,13-05-2023,7170
3389,15-05-2023,9004
3390,16-05-2023,8878
3391,17-05-2023,9809.5
3392,18-05-2023,9162
3393,19-05-2023,8776.5
3394,20-05-2023,6845
3395,22-05-2023,9496
3396,23-05-2023,9442
3397,24-05-2023,7416
3398,25-05-2023,8328
3399,26-05-2023,9680.5
3400,29-05-2023,9577.5
3401,30-05-2023,9382.5
3402,31-05-2023,9134.5
3403,01-06-2023,9388
3404,02-06-2023,9437
3405,05-06-2023,9139
3406,06-06-2023,9011
3407,07-06-2023,9168
3408,08-06-2023,7644.5
3409,09-06-2023,9060
3410,10-06-2023,7047.5
3411,12-06-2023,9052
3412,13-06-2023,8944
3413,14-06-2023,9313
3414,15-06-2023,9061
3415,16-06-2023,9323.5
3416,17-06-2023,9051
3417,19-06-2023,8106.5
3418,20-06-2023,8862
3419,21-06-2023,9432
3420,22-06-2023,7200
3421,23-06-2023,9605
3422,26-06-2023,9736
3423,27-06-2023,8311.5
3424,28-06-2023,9333.625
3425,30-06-2023,9549
3426,01-07-2023,10000
3427,03-07-2023,9721
3428,04-07-2023,9333
3429,05-07-2023,8874
3430,06-07-2023,7625
3431,07-07-2023,9580
3432,10-07-2023,9561.5
3433,11-07-2023,9043
3434,12-07-2023,9840
3435,13-07-2023,9820
3436,14-07-2023,7400
3437,17-07-2023,9821.5
3438,18-07-2023,7676
3439,19-07-2023,9100
3440,20-07-2023,10000
3441,21-07-2023,10100
3442,24-07-2023,10374
3443,25-07-2023,10188
3444,26-07-2023,9705.5
3445,27-07-2023,10261
3446,28-07-2023,8987
3447,29-07-2023,6940
3448,31-07-2023,9985.5
3449,01-08-2023,9084.5
3450,02-08-2023,10370
3451,03-08-2023,10463
3452,04-08-2023,10315
3453,07-08-2023,10354.5
3454,08-08-2023,10368
3455,09-08-2023,10562.5
3456,10-08-2023,7850
3457,11-08-2023,10089
3458,12-08-2023,8000
3459,14-08-2023,8350
3460,15-08-2023,7940
3461,16-08-2023,9150
3462,17-08-2023,9425.5
3463,18-08-2023,10368
3464,19-08-2023,8067
3465,21-08-2023,10315
3466,22-08-2023,10365
3467,23-08-2023,10269.5
3468,24-08-2023,8975
3469,25-08-2023,10403
3470,26-08-2023,7300
3471,28-08-2023,10259
3472,29-08-2023,8350
3473,30-08-2023,8350
3474,31-08-2023,9187.5
3475,01-09-2023,10239.5
3476,02-09-2023,7340
3477,04-09-2023,10111
3478,05-09-2023,9861
3479,06-09-2023,7788.5
3480,07-09-2023,7810
3481,08-09-2023,10061
3482,11-09-2023,10358.5
3483,12-09-2023,10039
3484,13-09-2023,10370
3485,14-09-2023,9007
3486,15-09-2023,10115
3487,19-09-2023,10058.5
3488,20-09-2023,10115
3489,21-09-2023,7925
3490,22-09-2023,10188
3491,23-09-2023,7340
3492,25-09-2023,10456
3493,26-09-2023,9524.5
3494,27-09-2023,10203.5
3495,28-09-2023,7580.5
3496,29-09-2023,10174
3497,30-09-2023,8000
3498,03-10-2023,10153
3499,04-10-2023,10311.5
3500,05-10-2023,9988
3501,06-10-2023,10169
3502,09-10-2023,10053
3503,10-10-2023,10003.5
3504,11-10-2023,9512
3505,12-10-2023,8419.5
3506,13-10-2023,9870
3507,16-10-2023,10124
3508,17-10-2023,9137.5
3509,18-10-2023,10056.5
3510,19-10-2023,8276
3511,20-10-2023,8679.5
3512,21-10-2023,6000
3513,25-10-2023,8956.5
3514,26-10-2023,8500
3515,27-10-2023,8845
3516,28-10-2023,8400
3517,30-10-2023,10120
3518,31-10-2023,9738
3519,01-11-2023,9589
3520,02-11-2023,7959
3521,03-11-2023,8300
3522,04-11-2023,7927
3523,06-11-2023,8240
3524,07-11-2023,7999.5
3525,08-11-2023,7900
3526,09-11-2023,7700
3527,10-11-2023,8437
3528,14-11-2023,8250
3529,15-11-2023,7964
3530,16-11-2023,7962
3531,17-11-2023,8200
3532,18-11-2023,7650
3533,20-11-2023,8150
3534,21-11-2023,8670
3535,22-11-2023,8083
3536,23-11-2023,7805
3537,24-11-2023,7950
3538,27-11-2023,9280.5
3539,28-11-2023,8453
3540,29-11-2023,8962
3541,30-11-2023,8001
3542,01-12-2023,8112
3543,04-12-2023,8095.5
3544,05-12-2023,8100
3545,06-12-2023,7975
3546,07-12-2023,8401
3547,08-12-2023,8190
3548,09-12-2023,8000
3549,11-12-2023,8150
3550,12-12-2023,8509
3551,13-12-2023,8970.5
3552,14-12-2023,8405
3553,15-12-2023,9060
3554,16-12-2023,7880
3555,18-12-2023,9295
3556,19-12-2023,8658
3557,20-12-2023,9200
3558,21-12-2023,8090
3559,22-12-2023,8530
3560,23-12-2023,7612
3561,26-12-2023,9198
3562,27-12-2023,8069
3563,28-12-2023,7880
3564,29-12-2023,9314
3565,30-12-2023,6720
3566,02-01-2024,8226
3567,03-01-2024,8500
3568,04-01-2024,7935
3569,05-01-2024,8119
3570,08-01-2024,8160
3571,09-01-2024,8026.5
3572,10-01-2024,7890
3573,11-01-2024,8464.5
3574,12-01-2024,8264
3575,13-01-2024,7745
3576,18-01-2024,7920
3577,19-01-2024,7740
3578,22-01-2024,8540.5
3579,23-01-2024,8679.5
3580,24-01-2024,9101
3581,28-01-2024,11000
3582,29-01-2024,8053
3583,30-01-2024,8000
3584,31-01-2024,7926
3585,01-02-2024,7539
3586,02-02-2024,10069.5
3587,03-02-2024,7850
3588,05-02-2024,8856.5
3589,06-02-2024,7782.5
3590,07-02-2024,9500
3591,08-02-2024,7393.5
3592,09-02-2024,8000
3593,10-02-2024,8795.5
3594,12-02-2024,7860
3595,13-02-2024,7935
3596,14-02-2024,8339
3597,15-02-2024,8000
3598,16-02-2024,9326
3599,17-02-2024,9279
3600,19-02-2024,9660
3601,20-02-2024,8100
3602,21-02-2024,8070
3603,22-02-2024,8000
3604,23-02-2024,8015
3605,24-02-2024,6940
3606,26-02-2024,7975
